payout_id,provider,country,currency,amount,status,created_at,paid_at,expected_arrival_at,arrival_at
po_10000,Stripe,DE,EUR,18330.88,paid,2026-04-01T08:47:19Z,2026-04-01T09:24:19Z,2026-04-02T09:24:19Z,2026-04-03T03:06:51Z
po_10001,Stripe,NL,EUR,2680.74,paid,2026-05-04T22:24:42Z,2026-05-04T22:31:42Z,2026-05-05T22:31:42Z,2026-05-06T12:14:43Z
po_10002,Adyen,DE,EUR,26544.36,paid,2026-05-25T13:27:53Z,2026-05-25T14:10:53Z,2026-05-26T14:10:53Z,2026-05-28T21:08:12Z
po_10003,Stripe,DE,EUR,15719.62,failed,2026-04-07T06:19:11Z,2026-04-07T06:40:11Z,2026-04-08T06:40:11Z,
po_10004,Adyen,FR,EUR,19191.47,paid,2026-04-04T08:08:13Z,2026-04-04T08:48:13Z,2026-04-05T08:48:13Z,2026-04-08T18:50:19Z
po_10005,Adyen,FR,EUR,17446.57,paid,2026-05-12T12:43:46Z,2026-05-12T13:20:46Z,2026-05-13T13:20:46Z,2026-05-14T11:10:34Z
po_10006,Stripe,FR,EUR,8603.55,paid,2026-04-11T18:53:12Z,2026-04-11T19:11:12Z,2026-04-12T19:11:12Z,2026-04-13T22:31:31Z
po_10007,Stripe,DE,EUR,17168.16,paid,2026-04-01T10:34:13Z,2026-04-01T10:44:13Z,2026-04-02T10:44:13Z,2026-04-03T06:32:05Z
po_10008,BankingCircle,DE,EUR,11981.04,paid,2026-05-29T05:03:20Z,2026-05-29T05:10:20Z,2026-05-30T05:10:20Z,2026-06-02T16:41:09Z
po_10009,Stripe,NL,EUR,19559.68,paid,2026-05-22T00:58:55Z,2026-05-22T01:32:55Z,2026-05-23T01:32:55Z,2026-05-27T09:39:07Z
po_10010,BankingCircle,NL,EUR,13432.52,paid,2026-05-28T19:35:12Z,2026-05-28T19:42:12Z,2026-05-29T19:42:12Z,2026-05-30T17:50:30Z
po_10011,BankingCircle,FR,EUR,23067.32,paid,2026-04-21T23:09:20Z,2026-04-21T23:36:20Z,2026-04-22T23:36:20Z,2026-04-24T23:10:44Z
po_10012,Stripe,NL,EUR,17222.47,paid,2026-05-12T06:23:17Z,2026-05-12T06:29:17Z,2026-05-13T06:29:17Z,2026-05-13T23:37:06Z
po_10013,Stripe,FR,EUR,25695.81,paid,2026-05-12T12:56:40Z,2026-05-12T13:04:40Z,2026-05-13T13:04:40Z,2026-05-15T00:23:08Z
po_10014,Stripe,DE,EUR,12225.45,paid,2026-05-17T18:06:16Z,2026-05-17T18:26:16Z,2026-05-18T18:26:16Z,2026-05-20T14:30:44Z
po_10015,Stripe,DE,EUR,2598.68,paid,2026-04-09T00:33:02Z,2026-04-09T00:50:02Z,2026-04-10T00:50:02Z,2026-04-10T03:19:13Z
po_10016,Stripe,NL,EUR,8109.48,paid,2026-04-08T11:27:02Z,2026-04-08T11:56:02Z,2026-04-09T11:56:02Z,2026-04-09T17:07:03Z
po_10017,Stripe,DE,EUR,24099.89,paid,2026-05-24T07:05:43Z,2026-05-24T07:49:43Z,2026-05-25T07:49:43Z,2026-05-28T20:47:12Z
po_10018,BankingCircle,FR,EUR,22401.09,paid,2026-05-02T10:18:32Z,2026-05-02T10:46:32Z,2026-05-03T10:46:32Z,2026-05-06T18:37:26Z
po_10019,Stripe,DE,EUR,6082.74,paid,2026-04-10T02:11:37Z,2026-04-10T02:21:37Z,2026-04-11T02:21:37Z,2026-04-13T09:56:55Z
po_10020,Stripe,DE,EUR,3110.56,paid,2026-04-29T15:16:21Z,2026-04-29T15:58:21Z,2026-04-30T15:58:21Z,2026-04-30T16:53:55Z
po_10021,Stripe,FR,EUR,7287.54,paid,2026-04-28T01:28:34Z,2026-04-28T02:09:34Z,2026-04-29T02:09:34Z,2026-04-29T01:53:21Z
po_10022,BankingCircle,NL,EUR,13207.91,paid,2026-05-11T07:24:59Z,2026-05-11T07:46:59Z,2026-05-12T07:46:59Z,2026-05-13T02:01:44Z
po_10023,Stripe,DE,EUR,23259.29,paid,2026-04-10T00:10:45Z,2026-04-10T00:46:45Z,2026-04-11T00:46:45Z,2026-04-15T00:26:02Z
po_10024,Stripe,FR,EUR,15345.88,paid,2026-03-27T23:00:48Z,2026-03-27T23:36:48Z,2026-03-28T23:36:48Z,2026-03-31T07:34:38Z
po_10025,BankingCircle,DE,EUR,14659.59,paid,2026-04-10T13:14:10Z,2026-04-10T13:39:10Z,2026-04-11T13:39:10Z,2026-04-14T16:29:29Z
po_10026,Stripe,FR,EUR,6478.25,paid,2026-04-13T06:43:23Z,2026-04-13T07:01:23Z,2026-04-14T07:01:23Z,2026-04-14T16:31:19Z
po_10027,Stripe,DE,EUR,10149.08,paid,2026-03-28T03:31:43Z,2026-03-28T03:35:43Z,2026-03-29T03:35:43Z,2026-03-31T22:36:38Z
po_10028,Stripe,FR,EUR,22697.27,paid,2026-06-03T13:00:36Z,2026-06-03T13:25:36Z,2026-06-04T13:25:36Z,2026-06-06T09:56:20Z
po_10029,Stripe,DE,EUR,5748.76,paid,2026-04-14T04:13:28Z,2026-04-14T04:46:28Z,2026-04-15T04:46:28Z,2026-04-15T13:03:55Z
po_10030,Stripe,NL,EUR,18387.49,paid,2026-05-26T18:36:31Z,2026-05-26T18:44:31Z,2026-05-27T18:44:31Z,2026-05-28T18:05:49Z
po_10031,Adyen,DE,EUR,5821.15,paid,2026-04-11T15:59:08Z,2026-04-11T16:29:08Z,2026-04-12T16:29:08Z,2026-04-14T12:54:25Z
po_10032,Stripe,NL,EUR,11418.41,paid,2026-04-02T13:52:34Z,2026-04-02T14:05:34Z,2026-04-03T14:05:34Z,2026-04-04T05:31:19Z
po_10033,BankingCircle,DE,EUR,22640.1,paid,2026-04-08T12:36:38Z,2026-04-08T13:18:38Z,2026-04-09T13:18:38Z,2026-04-11T16:35:26Z
po_10034,Stripe,FR,EUR,15497.88,paid,2026-04-07T01:12:52Z,2026-04-07T01:16:52Z,2026-04-08T01:16:52Z,2026-04-08T20:44:53Z
po_10035,Stripe,FR,EUR,26161.41,paid,2026-05-06T10:50:57Z,2026-05-06T11:05:57Z,2026-05-07T11:05:57Z,2026-05-09T04:59:25Z
po_10036,Stripe,DE,EUR,6962.94,paid,2026-05-21T06:29:51Z,2026-05-21T06:52:51Z,2026-05-22T06:52:51Z,2026-05-22T07:25:34Z
po_10037,BankingCircle,DE,EUR,10099.82,paid,2026-05-08T19:35:32Z,2026-05-08T20:20:32Z,2026-05-09T20:20:32Z,2026-05-12T16:49:48Z
po_10038,BankingCircle,DE,EUR,14195.68,paid,2026-05-15T23:14:31Z,2026-05-15T23:26:31Z,2026-05-16T23:26:31Z,2026-05-19T09:54:46Z
po_10039,Stripe,DE,EUR,408.93,paid,2026-04-08T21:03:54Z,2026-04-08T21:17:54Z,2026-04-09T21:17:54Z,2026-04-09T21:49:50Z
po_10040,Stripe,DE,EUR,19200.58,paid,2026-05-15T20:40:55Z,2026-05-15T21:18:55Z,2026-05-16T21:18:55Z,2026-05-19T10:43:30Z
po_10041,Stripe,NL,EUR,5599.18,paid,2026-03-29T10:19:49Z,2026-03-29T10:28:49Z,2026-03-30T10:28:49Z,2026-03-31T08:07:29Z
po_10042,Stripe,NL,EUR,17267.02,paid,2026-05-13T10:01:27Z,2026-05-13T10:42:27Z,2026-05-14T10:42:27Z,2026-05-16T10:29:42Z
po_10043,Stripe,FR,EUR,13541.61,paid,2026-04-18T09:04:47Z,2026-04-18T09:40:47Z,2026-04-19T09:40:47Z,2026-04-22T03:43:43Z
po_10044,BankingCircle,FR,EUR,23567.99,paid,2026-04-07T15:32:47Z,2026-04-07T16:01:47Z,2026-04-08T16:01:47Z,2026-04-10T07:05:02Z
po_10045,Stripe,DE,EUR,2325.45,paid,2026-05-29T07:58:59Z,2026-05-29T08:20:59Z,2026-05-30T08:20:59Z,2026-06-01T21:11:11Z
po_10046,Adyen,DE,EUR,18589.11,paid,2026-04-08T05:09:54Z,2026-04-08T05:28:54Z,2026-04-09T05:28:54Z,2026-04-10T13:20:54Z
po_10047,BankingCircle,DE,EUR,11331.72,paid,2026-05-11T15:23:59Z,2026-05-11T15:36:59Z,2026-05-12T15:36:59Z,2026-05-14T01:49:19Z
po_10048,Stripe,DE,EUR,14582.26,paid,2026-04-27T06:11:52Z,2026-04-27T06:40:52Z,2026-04-28T06:40:52Z,2026-04-28T23:45:35Z
po_10049,Stripe,FR,EUR,15647.19,paid,2026-05-07T02:20:30Z,2026-05-07T02:24:30Z,2026-05-08T02:24:30Z,2026-05-12T07:44:03Z
po_10050,BankingCircle,DE,EUR,3425.94,failed,2026-04-16T12:34:08Z,2026-04-16T12:43:08Z,2026-04-17T12:43:08Z,
po_10051,Stripe,NL,EUR,21235.01,failed,2026-05-05T07:55:24Z,2026-05-05T08:14:24Z,2026-05-06T08:14:24Z,
po_10052,Stripe,FR,EUR,8030.03,paid,2026-05-31T03:38:06Z,2026-05-31T03:52:06Z,2026-06-01T03:52:06Z,2026-06-01T23:14:21Z
po_10053,BankingCircle,FR,EUR,2619.67,paid,2026-04-15T22:14:53Z,2026-04-15T22:21:53Z,2026-04-16T22:21:53Z,2026-04-17T00:53:23Z
po_10054,BankingCircle,DE,EUR,11871.96,paid,2026-04-20T08:09:30Z,2026-04-20T08:51:30Z,2026-04-21T08:51:30Z,2026-04-22T06:35:50Z
po_10055,Stripe,DE,EUR,4772.14,paid,2026-03-30T05:23:35Z,2026-03-30T05:37:35Z,2026-03-31T05:37:35Z,2026-03-31T04:43:53Z
po_10056,Adyen,DE,EUR,8331.92,paid,2026-05-12T21:17:27Z,2026-05-12T21:31:27Z,2026-05-13T21:31:27Z,2026-05-14T02:53:46Z
po_10057,Stripe,NL,EUR,810.62,paid,2026-05-13T10:15:33Z,2026-05-13T10:53:33Z,2026-05-14T10:53:33Z,2026-05-15T20:50:10Z
po_10058,Stripe,DE,EUR,18535.47,paid,2026-05-27T10:51:24Z,2026-05-27T11:21:24Z,2026-05-28T11:21:24Z,2026-05-29T11:33:22Z
po_10059,BankingCircle,NL,EUR,8825.59,paid,2026-04-15T05:24:30Z,2026-04-15T05:41:30Z,2026-04-16T05:41:30Z,2026-04-16T14:07:48Z
po_10060,Adyen,FR,EUR,11510.13,paid,2026-04-28T01:51:18Z,2026-04-28T01:57:18Z,2026-04-29T01:57:18Z,2026-04-30T02:35:55Z
po_10061,BankingCircle,FR,EUR,12231.52,paid,2026-03-30T17:05:38Z,2026-03-30T17:13:38Z,2026-03-31T17:13:38Z,2026-04-01T20:22:34Z
po_10062,BankingCircle,FR,EUR,16886.16,paid,2026-05-31T14:04:27Z,2026-05-31T14:25:27Z,2026-06-01T14:25:27Z,2026-06-02T19:59:34Z
po_10063,Stripe,DE,EUR,9411.25,paid,2026-05-17T10:46:24Z,2026-05-17T11:09:24Z,2026-05-18T11:09:24Z,2026-05-19T03:03:51Z
po_10064,Stripe,DE,EUR,10871.06,paid,2026-05-10T09:59:59Z,2026-05-10T10:19:59Z,2026-05-11T10:19:59Z,2026-05-12T20:19:47Z
po_10065,Stripe,DE,EUR,2786.17,paid,2026-05-03T02:55:42Z,2026-05-03T03:35:42Z,2026-05-04T03:35:42Z,2026-05-04T10:24:12Z
po_10066,Adyen,DE,EUR,14958.55,paid,2026-04-09T09:45:49Z,2026-04-09T10:30:49Z,2026-04-10T10:30:49Z,2026-04-11T17:12:55Z
po_10067,Adyen,FR,EUR,20262.76,paid,2026-05-12T07:32:52Z,2026-05-12T07:44:52Z,2026-05-13T07:44:52Z,2026-05-14T23:59:19Z
po_10068,BankingCircle,DE,EUR,20105.8,paid,2026-05-14T03:19:58Z,2026-05-14T04:02:58Z,2026-05-15T04:02:58Z,2026-05-17T14:40:27Z
po_10069,Adyen,NL,EUR,16046.88,paid,2026-03-26T21:28:06Z,2026-03-26T22:08:06Z,2026-03-27T22:08:06Z,2026-03-29T03:11:20Z
po_10070,Adyen,NL,EUR,2657.04,paid,2026-03-29T09:32:44Z,2026-03-29T09:43:44Z,2026-03-30T09:43:44Z,2026-03-31T09:06:37Z
po_10071,Stripe,FR,EUR,821.89,paid,2026-05-15T22:21:14Z,2026-05-15T22:39:14Z,2026-05-16T22:39:14Z,2026-05-18T11:23:41Z
po_10072,Adyen,FR,EUR,14232.3,paid,2026-05-16T07:06:21Z,2026-05-16T07:14:21Z,2026-05-17T07:14:21Z,2026-05-20T02:42:55Z
po_10073,Stripe,DE,EUR,7655.96,paid,2026-06-04T03:28:25Z,2026-06-04T03:44:25Z,2026-06-05T03:44:25Z,2026-06-05T05:33:31Z
po_10074,BankingCircle,FR,EUR,2425.69,paid,2026-05-30T17:07:42Z,2026-05-30T17:28:42Z,2026-05-31T17:28:42Z,2026-06-02T14:44:08Z
po_10075,Stripe,DE,EUR,7334.15,paid,2026-06-05T11:49:18Z,2026-06-05T12:11:18Z,2026-06-06T12:11:18Z,2026-06-08T13:53:16Z
po_10076,Stripe,FR,EUR,27238.5,paid,2026-04-03T23:53:46Z,2026-04-04T00:09:46Z,2026-04-05T00:09:46Z,2026-04-09T17:50:34Z
po_10077,Stripe,FR,EUR,3582.53,paid,2026-05-17T15:26:27Z,2026-05-17T15:41:27Z,2026-05-18T15:41:27Z,2026-05-19T04:12:26Z
po_10078,Stripe,DE,EUR,14333.33,paid,2026-05-07T23:17:47Z,2026-05-07T23:37:47Z,2026-05-08T23:37:47Z,2026-05-09T23:11:16Z
po_10079,Stripe,NL,EUR,2801.4,paid,2026-05-15T05:09:41Z,2026-05-15T05:28:41Z,2026-05-16T05:28:41Z,2026-05-18T17:51:40Z
po_10080,Stripe,NL,EUR,24866.08,paid,2026-06-01T14:53:38Z,2026-06-01T15:19:38Z,2026-06-02T15:19:38Z,2026-06-04T06:53:15Z
po_10081,Stripe,FR,EUR,399.46,paid,2026-05-12T01:44:05Z,2026-05-12T02:15:05Z,2026-05-13T02:15:05Z,2026-05-13T06:42:24Z
po_10082,Stripe,DE,EUR,3649.19,failed,2026-04-26T12:02:30Z,2026-04-26T12:05:30Z,2026-04-27T12:05:30Z,
po_10083,Stripe,NL,EUR,624.69,paid,2026-06-05T04:06:36Z,2026-06-05T04:27:36Z,2026-06-06T04:27:36Z,2026-06-08T08:59:36Z
po_10084,BankingCircle,DE,EUR,2416.3,paid,2026-05-05T21:26:06Z,2026-05-05T21:46:06Z,2026-05-06T21:46:06Z,2026-05-07T08:29:01Z
po_10085,Adyen,DE,EUR,17888.49,paid,2026-04-08T18:59:44Z,2026-04-08T19:17:44Z,2026-04-09T19:17:44Z,2026-04-11T00:30:06Z
po_10086,Adyen,DE,EUR,22048.45,paid,2026-05-05T20:43:27Z,2026-05-05T20:47:27Z,2026-05-06T20:47:27Z,2026-05-08T19:27:02Z
po_10087,BankingCircle,NL,EUR,15513.62,paid,2026-06-03T04:43:32Z,2026-06-03T04:51:32Z,2026-06-04T04:51:32Z,2026-06-05T03:04:44Z
po_10088,Adyen,FR,EUR,18152.39,paid,2026-04-22T02:54:49Z,2026-04-22T03:28:49Z,2026-04-23T03:28:49Z,2026-04-24T01:03:19Z
po_10089,Stripe,DE,EUR,9819.46,paid,2026-04-23T05:51:31Z,2026-04-23T06:10:31Z,2026-04-24T06:10:31Z,2026-04-24T16:22:39Z
po_10090,Adyen,DE,EUR,8633.17,failed,2026-05-18T10:39:13Z,2026-05-18T11:24:13Z,2026-05-19T11:24:13Z,
po_10091,Stripe,DE,EUR,25395.09,paid,2026-05-12T14:16:13Z,2026-05-12T14:54:13Z,2026-05-13T14:54:13Z,2026-05-15T06:23:15Z
po_10092,Stripe,NL,EUR,4166.81,paid,2026-04-13T00:20:27Z,2026-04-13T00:38:27Z,2026-04-14T00:38:27Z,2026-04-13T22:37:23Z
po_10093,Stripe,DE,EUR,7456.5,paid,2026-05-19T15:18:19Z,2026-05-19T15:33:19Z,2026-05-20T15:33:19Z,2026-05-21T01:56:59Z
po_10094,Stripe,DE,EUR,14819.46,paid,2026-04-30T22:09:39Z,2026-04-30T22:29:39Z,2026-05-01T22:29:39Z,2026-05-05T03:59:34Z
po_10095,BankingCircle,DE,EUR,3786.7,paid,2026-05-13T04:59:49Z,2026-05-13T05:35:49Z,2026-05-14T05:35:49Z,2026-05-15T23:05:43Z
po_10096,Stripe,DE,EUR,7182.17,paid,2026-05-03T03:30:05Z,2026-05-03T04:14:05Z,2026-05-04T04:14:05Z,2026-05-05T04:56:48Z
po_10097,Stripe,NL,EUR,1193.14,failed,2026-06-02T05:16:56Z,2026-06-02T05:49:56Z,2026-06-03T05:49:56Z,
po_10098,BankingCircle,DE,EUR,26010.05,paid,2026-05-15T14:00:22Z,2026-05-15T14:32:22Z,2026-05-16T14:32:22Z,2026-05-20T10:54:22Z
po_10099,Stripe,DE,EUR,14769.53,paid,2026-05-30T13:21:00Z,2026-05-30T13:30:00Z,2026-05-31T13:30:00Z,2026-06-03T07:37:05Z
po_10100,Stripe,FR,EUR,15576.58,paid,2026-03-29T04:08:58Z,2026-03-29T04:11:58Z,2026-03-30T04:11:58Z,2026-03-31T22:45:14Z
po_10101,Stripe,FR,EUR,3844.68,paid,2026-04-18T18:43:20Z,2026-04-18T19:19:20Z,2026-04-19T19:19:20Z,2026-04-21T03:22:16Z
po_10102,Stripe,DE,EUR,16446.08,paid,2026-05-02T00:17:47Z,2026-05-02T00:36:47Z,2026-05-03T00:36:47Z,2026-05-05T14:30:57Z
po_10103,Stripe,DE,EUR,26862.64,paid,2026-05-26T21:58:12Z,2026-05-26T22:16:12Z,2026-05-27T22:16:12Z,2026-05-29T12:07:01Z
po_10104,BankingCircle,DE,EUR,19818.91,paid,2026-04-24T04:17:19Z,2026-04-24T04:23:19Z,2026-04-25T04:23:19Z,2026-04-28T07:14:58Z
po_10105,Stripe,FR,EUR,7425.99,paid,2026-05-29T03:02:59Z,2026-05-29T03:32:59Z,2026-05-30T03:32:59Z,2026-06-01T18:11:21Z
po_10106,Stripe,DE,EUR,11949.42,paid,2026-05-30T14:29:44Z,2026-05-30T14:57:44Z,2026-05-31T14:57:44Z,2026-06-03T00:19:33Z
po_10107,Stripe,FR,EUR,27165.09,paid,2026-04-24T14:21:01Z,2026-04-24T14:36:01Z,2026-04-25T14:36:01Z,2026-04-28T21:49:11Z
po_10108,Stripe,FR,EUR,26668.37,paid,2026-05-12T11:12:55Z,2026-05-12T11:54:55Z,2026-05-13T11:54:55Z,2026-05-14T22:13:34Z
po_10109,Adyen,DE,EUR,26580.69,failed,2026-04-08T13:05:50Z,2026-04-08T13:33:50Z,2026-04-09T13:33:50Z,
po_10110,Stripe,FR,EUR,19963.08,paid,2026-04-12T04:59:43Z,2026-04-12T05:27:43Z,2026-04-13T05:27:43Z,2026-04-14T16:06:44Z
po_10111,Stripe,DE,EUR,4888.05,paid,2026-04-12T20:19:29Z,2026-04-12T20:33:29Z,2026-04-13T20:33:29Z,2026-04-14T16:10:21Z
po_10112,Adyen,DE,EUR,23543.82,paid,2026-04-26T12:54:40Z,2026-04-26T13:25:40Z,2026-04-27T13:25:40Z,2026-04-29T11:20:12Z
po_10113,BankingCircle,DE,EUR,3726.72,paid,2026-04-14T11:16:57Z,2026-04-14T11:43:57Z,2026-04-15T11:43:57Z,2026-04-15T20:15:47Z
po_10114,Stripe,NL,EUR,1664.43,paid,2026-05-10T07:15:04Z,2026-05-10T07:30:04Z,2026-05-11T07:30:04Z,2026-05-11T23:13:35Z
po_10115,BankingCircle,DE,EUR,1138.81,paid,2026-05-04T05:14:15Z,2026-05-04T05:32:15Z,2026-05-05T05:32:15Z,2026-05-05T19:08:45Z
po_10116,Stripe,DE,EUR,2033.46,paid,2026-03-31T08:28:46Z,2026-03-31T08:47:46Z,2026-04-01T08:47:46Z,2026-04-01T06:04:31Z
po_10117,Stripe,FR,EUR,9578.69,paid,2026-05-24T05:39:50Z,2026-05-24T05:44:50Z,2026-05-25T05:44:50Z,2026-05-27T01:27:37Z
po_10118,Stripe,DE,EUR,21231.57,paid,2026-05-25T21:16:50Z,2026-05-25T21:23:50Z,2026-05-26T21:23:50Z,2026-05-28T19:31:39Z
po_10119,BankingCircle,NL,EUR,11006.46,paid,2026-04-18T16:58:53Z,2026-04-18T17:28:53Z,2026-04-19T17:28:53Z,2026-04-22T04:09:54Z
po_10120,BankingCircle,DE,EUR,8701.82,paid,2026-05-31T12:43:58Z,2026-05-31T12:55:58Z,2026-06-01T12:55:58Z,2026-06-02T08:50:56Z
po_10121,Adyen,DE,EUR,2488.71,paid,2026-04-13T11:46:11Z,2026-04-13T12:14:11Z,2026-04-14T12:14:11Z,2026-04-14T19:30:07Z
po_10122,Stripe,DE,EUR,15606.87,paid,2026-04-25T23:04:19Z,2026-04-25T23:17:19Z,2026-04-26T23:17:19Z,2026-04-29T13:18:04Z
po_10123,Stripe,DE,EUR,2970.91,paid,2026-05-12T17:31:53Z,2026-05-12T18:02:53Z,2026-05-13T18:02:53Z,2026-05-13T15:33:24Z
po_10124,BankingCircle,FR,EUR,6807.65,paid,2026-05-16T14:56:47Z,2026-05-16T15:41:47Z,2026-05-17T15:41:47Z,2026-05-19T11:36:00Z
po_10125,Stripe,DE,EUR,7337.37,paid,2026-04-19T14:37:28Z,2026-04-19T14:52:28Z,2026-04-20T14:52:28Z,2026-04-21T02:46:24Z
po_10126,BankingCircle,DE,EUR,5514.53,paid,2026-03-31T15:00:16Z,2026-03-31T15:28:16Z,2026-04-01T15:28:16Z,2026-04-01T18:42:45Z
po_10127,Adyen,FR,EUR,3085.03,paid,2026-05-09T09:00:06Z,2026-05-09T09:05:06Z,2026-05-10T09:05:06Z,2026-05-12T05:52:50Z
po_10128,BankingCircle,NL,EUR,1418.02,paid,2026-04-22T20:19:05Z,2026-04-22T20:36:05Z,2026-04-23T20:36:05Z,2026-04-23T21:51:32Z
po_10129,Adyen,NL,EUR,26065.81,paid,2026-04-30T11:22:29Z,2026-04-30T11:57:29Z,2026-05-01T11:57:29Z,2026-05-03T09:59:43Z
po_10130,Adyen,DE,EUR,26495.95,paid,2026-04-04T14:29:07Z,2026-04-04T15:12:07Z,2026-04-05T15:12:07Z,2026-04-09T17:36:18Z
po_10131,Stripe,DE,EUR,5950.15,paid,2026-04-19T01:59:30Z,2026-04-19T02:04:30Z,2026-04-20T02:04:30Z,2026-04-20T18:46:15Z
po_10132,Stripe,DE,EUR,19089.46,paid,2026-04-12T07:25:09Z,2026-04-12T08:07:09Z,2026-04-13T08:07:09Z,2026-04-14T19:19:57Z
po_10133,Stripe,FR,EUR,3108.44,paid,2026-05-02T17:06:29Z,2026-05-02T17:51:29Z,2026-05-03T17:51:29Z,2026-05-05T01:40:11Z
po_10134,Adyen,DE,EUR,11651.15,paid,2026-04-21T20:08:22Z,2026-04-21T20:53:22Z,2026-04-22T20:53:22Z,2026-04-23T21:45:10Z
po_10135,Adyen,DE,EUR,10193.93,paid,2026-05-04T18:23:17Z,2026-05-04T18:27:17Z,2026-05-05T18:27:17Z,2026-05-07T02:18:07Z
po_10136,Stripe,DE,EUR,20466.48,paid,2026-04-14T02:34:44Z,2026-04-14T02:37:44Z,2026-04-15T02:37:44Z,2026-04-16T15:26:05Z
po_10137,Stripe,DE,EUR,16304.94,paid,2026-04-29T17:52:32Z,2026-04-29T18:24:32Z,2026-04-30T18:24:32Z,2026-05-01T17:05:43Z
po_10138,Stripe,DE,EUR,22639.17,paid,2026-05-02T20:25:21Z,2026-05-02T20:33:21Z,2026-05-03T20:33:21Z,2026-05-06T23:42:43Z
po_10139,Stripe,DE,EUR,4782.27,paid,2026-04-11T00:17:19Z,2026-04-11T00:24:19Z,2026-04-12T00:24:19Z,2026-04-14T03:53:48Z
po_10140,Stripe,NL,EUR,3808.21,paid,2026-03-29T13:21:22Z,2026-03-29T13:54:22Z,2026-03-30T13:54:22Z,2026-03-31T08:04:13Z
po_10141,Adyen,DE,EUR,19363.6,paid,2026-04-09T21:28:13Z,2026-04-09T22:11:13Z,2026-04-10T22:11:13Z,2026-04-11T23:40:16Z
po_10142,BankingCircle,DE,EUR,23268.5,paid,2026-04-12T02:20:26Z,2026-04-12T02:59:26Z,2026-04-13T02:59:26Z,2026-04-15T09:07:16Z
po_10143,Stripe,DE,EUR,7143.53,paid,2026-06-03T17:05:56Z,2026-06-03T17:20:56Z,2026-06-04T17:20:56Z,2026-06-04T16:16:42Z
po_10144,Stripe,FR,EUR,23518.26,paid,2026-04-05T18:19:59Z,2026-04-05T18:46:59Z,2026-04-06T18:46:59Z,2026-04-09T20:04:08Z
po_10145,Stripe,DE,EUR,16438.7,paid,2026-05-05T16:02:44Z,2026-05-05T16:29:44Z,2026-05-06T16:29:44Z,2026-05-07T16:01:45Z
po_10146,Stripe,DE,EUR,17443.31,failed,2026-05-11T20:37:17Z,2026-05-11T21:09:17Z,2026-05-12T21:09:17Z,
po_10147,Stripe,FR,EUR,5274.06,failed,2026-05-10T06:40:47Z,2026-05-10T07:08:47Z,2026-05-11T07:08:47Z,
po_10148,Stripe,DE,EUR,14431.47,paid,2026-03-29T06:59:36Z,2026-03-29T07:04:36Z,2026-03-30T07:04:36Z,2026-03-31T20:35:28Z
po_10149,Stripe,FR,EUR,1803.14,paid,2026-05-13T06:13:41Z,2026-05-13T06:40:41Z,2026-05-14T06:40:41Z,2026-05-15T18:49:21Z
po_10150,Stripe,DE,EUR,17311.23,paid,2026-05-31T13:45:26Z,2026-05-31T13:55:26Z,2026-06-01T13:55:26Z,2026-06-03T01:31:22Z
po_10151,BankingCircle,NL,EUR,4873.59,paid,2026-06-03T08:14:11Z,2026-06-03T08:31:11Z,2026-06-04T08:31:11Z,2026-06-04T10:15:43Z
po_10152,Stripe,FR,EUR,25134.08,paid,2026-04-21T00:46:45Z,2026-04-21T01:18:45Z,2026-04-22T01:18:45Z,2026-04-23T13:03:03Z
po_10153,Stripe,NL,EUR,7581.43,paid,2026-05-13T11:04:54Z,2026-05-13T11:22:54Z,2026-05-14T11:22:54Z,2026-05-15T09:35:12Z
po_10154,Stripe,DE,EUR,26238.38,paid,2026-05-30T07:46:08Z,2026-05-30T08:09:08Z,2026-05-31T08:09:08Z,2026-06-03T22:50:40Z
po_10155,Stripe,DE,EUR,17926.03,paid,2026-04-29T06:20:46Z,2026-04-29T06:51:46Z,2026-04-30T06:51:46Z,2026-05-01T06:05:06Z
po_10156,Stripe,NL,EUR,27804.84,paid,2026-05-25T11:29:05Z,2026-05-25T11:57:05Z,2026-05-26T11:57:05Z,2026-05-28T18:24:56Z
po_10157,Stripe,DE,EUR,9463.96,paid,2026-04-02T05:38:31Z,2026-04-02T06:09:31Z,2026-04-03T06:09:31Z,2026-04-07T12:34:05Z
po_10158,Stripe,NL,EUR,14596.16,paid,2026-04-24T10:31:16Z,2026-04-24T11:14:16Z,2026-04-25T11:14:16Z,2026-04-29T17:11:00Z
po_10159,BankingCircle,NL,EUR,20605.17,paid,2026-03-28T14:44:37Z,2026-03-28T15:01:37Z,2026-03-29T15:01:37Z,2026-04-01T16:47:29Z
po_10160,BankingCircle,FR,EUR,3957.05,paid,2026-04-16T09:33:12Z,2026-04-16T10:15:12Z,2026-04-17T10:15:12Z,2026-04-17T16:44:47Z
po_10161,Stripe,DE,EUR,3246.25,paid,2026-04-29T00:13:24Z,2026-04-29T00:50:24Z,2026-04-30T00:50:24Z,2026-04-30T02:06:58Z
po_10162,Stripe,FR,EUR,17582.85,paid,2026-05-10T10:36:05Z,2026-05-10T10:49:05Z,2026-05-11T10:49:05Z,2026-05-12T18:24:51Z
po_10163,Stripe,DE,EUR,17978.42,paid,2026-05-28T22:39:48Z,2026-05-28T22:59:48Z,2026-05-29T22:59:48Z,2026-05-30T18:10:11Z
po_10164,Adyen,DE,EUR,15876.57,paid,2026-04-28T08:20:03Z,2026-04-28T09:01:03Z,2026-04-29T09:01:03Z,2026-04-30T10:22:15Z
po_10165,Adyen,NL,EUR,7183.37,paid,2026-03-25T08:55:51Z,2026-03-25T09:00:51Z,2026-03-26T09:00:51Z,2026-03-26T06:25:44Z
po_10166,Stripe,DE,EUR,25555.25,paid,2026-04-04T12:28:34Z,2026-04-04T12:31:34Z,2026-04-05T12:31:34Z,2026-04-09T15:48:58Z
po_10167,Stripe,DE,EUR,18102.62,paid,2026-05-27T05:00:34Z,2026-05-27T05:44:34Z,2026-05-28T05:44:34Z,2026-05-29T03:31:04Z
po_10168,Stripe,FR,EUR,17639.2,paid,2026-06-03T15:45:19Z,2026-06-03T16:18:19Z,2026-06-04T16:18:19Z,2026-06-05T13:26:04Z
po_10169,Adyen,NL,EUR,13187.86,paid,2026-06-05T08:24:51Z,2026-06-05T09:08:51Z,2026-06-06T09:08:51Z,2026-06-09T08:30:41Z
po_10170,Stripe,DE,EUR,1375.25,paid,2026-04-26T21:48:32Z,2026-04-26T22:07:32Z,2026-04-27T22:07:32Z,2026-04-28T17:40:23Z
po_10171,Adyen,DE,EUR,14793.88,paid,2026-04-20T02:11:06Z,2026-04-20T02:32:06Z,2026-04-21T02:32:06Z,2026-04-22T07:29:42Z
po_10172,BankingCircle,DE,EUR,721.81,paid,2026-04-19T14:42:10Z,2026-04-19T15:00:10Z,2026-04-20T15:00:10Z,2026-04-21T10:55:59Z
po_10173,Stripe,NL,EUR,11067.19,paid,2026-05-22T16:58:10Z,2026-05-22T17:16:10Z,2026-05-23T17:16:10Z,2026-05-27T10:01:00Z
po_10174,BankingCircle,NL,EUR,23610.12,paid,2026-05-16T09:47:59Z,2026-05-16T10:20:59Z,2026-05-17T10:20:59Z,2026-05-20T14:57:23Z
po_10175,BankingCircle,DE,EUR,6777.05,paid,2026-04-24T05:06:41Z,2026-04-24T05:22:41Z,2026-04-25T05:22:41Z,2026-04-27T18:17:45Z
po_10176,Stripe,FR,EUR,1211.71,paid,2026-04-05T04:43:46Z,2026-04-05T04:52:46Z,2026-04-06T04:52:46Z,2026-04-08T09:49:30Z
po_10177,Stripe,FR,EUR,4133.74,paid,2026-05-26T19:34:04Z,2026-05-26T20:17:04Z,2026-05-27T20:17:04Z,2026-05-27T15:46:15Z
po_10178,BankingCircle,DE,EUR,21400.99,paid,2026-04-13T16:25:51Z,2026-04-13T17:02:51Z,2026-04-14T17:02:51Z,2026-04-16T14:42:16Z
po_10179,BankingCircle,NL,EUR,26457.82,paid,2026-04-04T17:35:53Z,2026-04-04T17:53:53Z,2026-04-05T17:53:53Z,2026-04-09T09:09:56Z
po_10180,BankingCircle,NL,EUR,17866.59,paid,2026-05-25T15:35:12Z,2026-05-25T16:18:12Z,2026-05-26T16:18:12Z,2026-05-27T22:07:30Z
po_10181,Stripe,FR,EUR,9140.15,paid,2026-05-05T11:26:41Z,2026-05-05T11:45:41Z,2026-05-06T11:45:41Z,2026-05-06T08:18:33Z
po_10182,Adyen,DE,EUR,10494.27,paid,2026-04-25T11:35:01Z,2026-04-25T12:16:01Z,2026-04-26T12:16:01Z,2026-04-29T04:55:25Z
po_10183,Stripe,DE,EUR,12389.65,paid,2026-04-03T21:03:16Z,2026-04-03T21:28:16Z,2026-04-04T21:28:16Z,2026-04-08T20:15:26Z
po_10184,BankingCircle,FR,EUR,16214.78,paid,2026-04-22T05:00:50Z,2026-04-22T05:13:50Z,2026-04-23T05:13:50Z,2026-04-24T06:37:41Z
po_10185,Adyen,DE,EUR,1794.82,paid,2026-04-28T02:26:28Z,2026-04-28T03:00:28Z,2026-04-29T03:00:28Z,2026-04-29T05:31:21Z
po_10186,BankingCircle,NL,EUR,16713.77,paid,2026-05-14T08:21:49Z,2026-05-14T08:40:49Z,2026-05-15T08:40:49Z,2026-05-17T03:00:41Z
po_10187,Stripe,NL,EUR,4892.41,paid,2026-05-26T03:13:34Z,2026-05-26T03:21:34Z,2026-05-27T03:21:34Z,2026-05-27T10:40:50Z
po_10188,Stripe,FR,EUR,9348.04,paid,2026-04-03T13:42:43Z,2026-04-03T14:10:43Z,2026-04-04T14:10:43Z,2026-04-07T22:53:05Z
po_10189,Stripe,FR,EUR,18190.4,paid,2026-04-30T10:42:22Z,2026-04-30T10:58:22Z,2026-05-01T10:58:22Z,2026-05-05T06:08:02Z
po_10190,Stripe,FR,EUR,27512.75,paid,2026-05-25T13:44:24Z,2026-05-25T14:01:24Z,2026-05-26T14:01:24Z,2026-05-28T23:52:03Z
po_10191,Adyen,FR,EUR,1238.59,paid,2026-05-20T19:10:55Z,2026-05-20T19:33:55Z,2026-05-21T19:33:55Z,2026-05-22T04:24:07Z
po_10192,Adyen,FR,EUR,9256.35,paid,2026-05-09T07:14:03Z,2026-05-09T07:45:03Z,2026-05-10T07:45:03Z,2026-05-12T04:20:29Z
po_10193,Adyen,DE,EUR,19594.82,paid,2026-05-13T15:02:04Z,2026-05-13T15:17:04Z,2026-05-14T15:17:04Z,2026-05-16T09:59:34Z
po_10194,Adyen,NL,EUR,20336.41,paid,2026-04-18T08:54:20Z,2026-04-18T09:17:20Z,2026-04-19T09:17:20Z,2026-04-22T16:00:35Z
po_10195,Stripe,NL,EUR,26752.63,paid,2026-04-04T05:13:35Z,2026-04-04T05:26:35Z,2026-04-05T05:26:35Z,2026-04-09T18:22:15Z
po_10196,Adyen,NL,EUR,20612.2,paid,2026-05-06T13:26:38Z,2026-05-06T13:46:38Z,2026-05-07T13:46:38Z,2026-05-09T05:05:50Z
po_10197,Stripe,DE,EUR,11057.05,paid,2026-03-28T15:03:58Z,2026-03-28T15:06:58Z,2026-03-29T15:06:58Z,2026-04-01T02:08:47Z
po_10198,Adyen,FR,EUR,13132.84,paid,2026-04-08T02:26:49Z,2026-04-08T02:45:49Z,2026-04-09T02:45:49Z,2026-04-10T03:20:27Z
po_10199,BankingCircle,FR,EUR,12211.79,paid,2026-05-20T01:27:56Z,2026-05-20T02:07:56Z,2026-05-21T02:07:56Z,2026-05-22T06:34:10Z
po_10200,Adyen,DE,EUR,24678.14,paid,2026-05-26T15:15:05Z,2026-05-26T15:55:05Z,2026-05-27T15:55:05Z,2026-05-29T15:24:16Z
po_10201,Stripe,FR,EUR,8970.5,paid,2026-05-25T07:59:28Z,2026-05-25T08:08:28Z,2026-05-26T08:08:28Z,2026-05-27T03:52:35Z
po_10202,Stripe,FR,EUR,23829.53,paid,2026-05-11T04:52:26Z,2026-05-11T05:24:26Z,2026-05-12T05:24:26Z,2026-05-13T18:09:10Z
po_10203,Adyen,FR,EUR,24481.9,paid,2026-05-27T21:04:17Z,2026-05-27T21:27:17Z,2026-05-28T21:27:17Z,2026-05-30T18:00:49Z
po_10204,BankingCircle,FR,EUR,1356.63,failed,2026-05-17T02:07:13Z,2026-05-17T02:23:13Z,2026-05-18T02:23:13Z,
po_10205,Stripe,FR,EUR,16215.33,paid,2026-05-16T20:42:13Z,2026-05-16T20:58:13Z,2026-05-17T20:58:13Z,2026-05-20T03:21:50Z
po_10206,Stripe,NL,EUR,11666.66,paid,2026-05-08T16:40:35Z,2026-05-08T16:56:35Z,2026-05-09T16:56:35Z,2026-05-12T12:40:11Z
po_10207,BankingCircle,FR,EUR,20496.25,paid,2026-05-23T22:43:44Z,2026-05-23T23:08:44Z,2026-05-24T23:08:44Z,2026-05-28T19:30:00Z
po_10208,Stripe,DE,EUR,25657.57,paid,2026-05-25T08:39:43Z,2026-05-25T09:04:43Z,2026-05-26T09:04:43Z,2026-05-28T10:56:50Z
po_10209,BankingCircle,DE,EUR,27210.58,paid,2026-05-02T09:20:21Z,2026-05-02T09:52:21Z,2026-05-03T09:52:21Z,2026-05-06T18:16:06Z
po_10210,Adyen,NL,EUR,13295.69,paid,2026-05-18T21:40:49Z,2026-05-18T21:57:49Z,2026-05-19T21:57:49Z,2026-05-20T23:15:47Z
po_10211,BankingCircle,FR,EUR,22328.61,paid,2026-05-04T11:01:38Z,2026-05-04T11:33:38Z,2026-05-05T11:33:38Z,2026-05-07T15:20:00Z
po_10212,Adyen,FR,EUR,13302.42,paid,2026-04-16T16:59:47Z,2026-04-16T17:19:47Z,2026-04-17T17:19:47Z,2026-04-18T21:05:32Z
po_10213,Adyen,NL,EUR,13639.46,paid,2026-06-03T09:53:28Z,2026-06-03T10:13:28Z,2026-06-04T10:13:28Z,2026-06-05T09:36:03Z
po_10214,Stripe,DE,EUR,17567.18,paid,2026-04-02T15:02:47Z,2026-04-02T15:47:47Z,2026-04-03T15:47:47Z,2026-04-08T11:20:00Z
po_10215,Stripe,DE,EUR,2662.25,paid,2026-05-19T03:35:18Z,2026-05-19T03:58:18Z,2026-05-20T03:58:18Z,2026-05-20T08:51:46Z
po_10216,Adyen,NL,EUR,715.11,paid,2026-03-26T10:44:53Z,2026-03-26T11:00:53Z,2026-03-27T11:00:53Z,2026-03-27T23:31:39Z
po_10217,Stripe,DE,EUR,4253.69,paid,2026-04-17T00:25:26Z,2026-04-17T00:39:26Z,2026-04-18T00:39:26Z,2026-04-20T17:14:26Z
po_10218,BankingCircle,DE,EUR,22229.38,paid,2026-04-10T15:15:54Z,2026-04-10T15:57:54Z,2026-04-11T15:57:54Z,2026-04-15T12:27:07Z
po_10219,Adyen,FR,EUR,25061.38,paid,2026-05-26T03:22:27Z,2026-05-26T03:44:27Z,2026-05-27T03:44:27Z,2026-05-28T19:27:31Z
po_10220,Adyen,FR,EUR,12448.84,paid,2026-04-05T16:35:04Z,2026-04-05T17:13:04Z,2026-04-06T17:13:04Z,2026-04-08T23:46:44Z
po_10221,Adyen,FR,EUR,13717.07,paid,2026-04-08T08:31:29Z,2026-04-08T09:05:29Z,2026-04-09T09:05:29Z,2026-04-10T03:42:09Z
po_10222,Adyen,FR,EUR,4741.9,paid,2026-04-25T11:14:52Z,2026-04-25T11:46:52Z,2026-04-26T11:46:52Z,2026-04-28T06:53:44Z
po_10223,Stripe,FR,EUR,27998.63,paid,2026-05-29T23:04:09Z,2026-05-29T23:11:09Z,2026-05-30T23:11:09Z,2026-06-02T22:11:19Z
po_10224,Stripe,FR,EUR,1570.61,paid,2026-06-04T20:15:56Z,2026-06-04T20:39:56Z,2026-06-05T20:39:56Z,2026-06-06T01:31:35Z
po_10225,Adyen,FR,EUR,4302.36,paid,2026-04-15T01:10:08Z,2026-04-15T01:39:08Z,2026-04-16T01:39:08Z,2026-04-16T08:01:32Z
po_10226,Stripe,NL,EUR,13444.58,paid,2026-05-15T08:35:29Z,2026-05-15T09:13:29Z,2026-05-16T09:13:29Z,2026-05-19T10:13:19Z
po_10227,Stripe,DE,EUR,15646.56,paid,2026-04-22T09:45:51Z,2026-04-22T10:06:51Z,2026-04-23T10:06:51Z,2026-04-24T06:19:56Z
po_10228,BankingCircle,DE,EUR,24481.12,paid,2026-04-27T19:27:57Z,2026-04-27T19:43:57Z,2026-04-28T19:43:57Z,2026-04-30T19:37:51Z
po_10229,Stripe,DE,EUR,8588.38,paid,2026-05-21T06:31:48Z,2026-05-21T07:14:48Z,2026-05-22T07:14:48Z,2026-05-22T09:46:22Z
po_10230,Adyen,DE,EUR,11547.01,paid,2026-05-20T01:37:10Z,2026-05-20T01:43:10Z,2026-05-21T01:43:10Z,2026-05-21T21:45:38Z
po_10231,BankingCircle,DE,EUR,13458.97,paid,2026-05-28T05:17:11Z,2026-05-28T05:23:11Z,2026-05-29T05:23:11Z,2026-05-30T13:43:24Z
po_10232,Adyen,FR,EUR,17662.76,paid,2026-05-31T22:44:16Z,2026-05-31T23:25:16Z,2026-06-01T23:25:16Z,2026-06-03T09:29:30Z
po_10233,Adyen,FR,EUR,5117.15,paid,2026-05-28T18:20:45Z,2026-05-28T18:34:45Z,2026-05-29T18:34:45Z,2026-05-30T04:27:38Z
po_10234,BankingCircle,DE,EUR,671.91,paid,2026-04-07T19:11:04Z,2026-04-07T19:33:04Z,2026-04-08T19:33:04Z,2026-04-09T02:36:08Z
po_10235,Stripe,DE,EUR,9121.82,paid,2026-05-06T03:32:44Z,2026-05-06T04:11:44Z,2026-05-07T04:11:44Z,2026-05-07T12:56:01Z
po_10236,Adyen,DE,EUR,1390.81,paid,2026-04-05T20:56:00Z,2026-04-05T21:25:00Z,2026-04-06T21:25:00Z,2026-04-08T10:11:30Z
po_10237,Stripe,DE,EUR,16697.59,paid,2026-05-28T08:30:24Z,2026-05-28T08:42:24Z,2026-05-29T08:42:24Z,2026-05-30T05:47:56Z
po_10238,Adyen,DE,EUR,6180.07,paid,2026-04-09T01:38:10Z,2026-04-09T02:21:10Z,2026-04-10T02:21:10Z,2026-04-09T23:04:21Z
po_10239,Stripe,FR,EUR,27067.85,paid,2026-04-02T21:22:45Z,2026-04-02T21:38:45Z,2026-04-03T21:38:45Z,2026-04-05T15:28:59Z
po_10240,Adyen,DE,EUR,7010.89,paid,2026-06-04T13:18:45Z,2026-06-04T13:32:45Z,2026-06-05T13:32:45Z,2026-06-05T23:40:50Z
po_10241,Adyen,FR,EUR,4310.95,paid,2026-04-02T12:24:32Z,2026-04-02T12:45:32Z,2026-04-03T12:45:32Z,2026-04-03T21:46:01Z
po_10242,BankingCircle,FR,EUR,7337.2,paid,2026-03-30T10:42:31Z,2026-03-30T10:47:31Z,2026-03-31T10:47:31Z,2026-03-31T09:31:54Z
po_10243,BankingCircle,FR,EUR,2507.15,paid,2026-04-24T12:49:42Z,2026-04-24T13:11:42Z,2026-04-25T13:11:42Z,2026-04-27T19:24:55Z
po_10244,Stripe,NL,EUR,1955.88,paid,2026-04-30T00:29:23Z,2026-04-30T01:08:23Z,2026-05-01T01:08:23Z,2026-05-01T07:39:41Z
po_10245,BankingCircle,DE,EUR,3532.74,paid,2026-05-26T22:41:58Z,2026-05-26T22:54:58Z,2026-05-27T22:54:58Z,2026-05-28T07:53:54Z
po_10246,Adyen,DE,EUR,26474.34,paid,2026-05-19T08:46:41Z,2026-05-19T09:10:41Z,2026-05-20T09:10:41Z,2026-05-21T21:36:40Z
po_10247,Adyen,NL,EUR,23219.22,paid,2026-04-26T13:42:33Z,2026-04-26T14:23:33Z,2026-04-27T14:23:33Z,2026-04-30T14:07:49Z
po_10248,Adyen,NL,EUR,27345.93,paid,2026-04-18T05:28:48Z,2026-04-18T05:55:48Z,2026-04-19T05:55:48Z,2026-04-22T20:02:20Z
po_10249,Stripe,DE,EUR,19372.95,paid,2026-04-25T13:12:34Z,2026-04-25T13:31:34Z,2026-04-26T13:31:34Z,2026-04-28T22:51:51Z
po_10250,Adyen,FR,EUR,8292.04,paid,2026-04-07T23:47:03Z,2026-04-08T00:26:03Z,2026-04-09T00:26:03Z,2026-04-09T05:31:32Z
po_10251,Stripe,FR,EUR,21824.15,paid,2026-05-12T21:01:42Z,2026-05-12T21:26:42Z,2026-05-13T21:26:42Z,2026-05-15T14:08:22Z
po_10252,Stripe,FR,EUR,22119.02,paid,2026-06-03T10:49:33Z,2026-06-03T11:06:33Z,2026-06-04T11:06:33Z,2026-06-05T21:43:32Z
po_10253,Adyen,DE,EUR,25950.17,paid,2026-05-21T06:23:01Z,2026-05-21T06:26:01Z,2026-05-22T06:26:01Z,2026-05-24T03:39:05Z
po_10254,BankingCircle,DE,EUR,21689.01,paid,2026-04-16T22:37:05Z,2026-04-16T23:05:05Z,2026-04-17T23:05:05Z,2026-04-19T22:49:05Z
po_10255,Stripe,NL,EUR,13501.44,paid,2026-05-21T13:14:06Z,2026-05-21T13:29:06Z,2026-05-22T13:29:06Z,2026-05-23T05:36:03Z
po_10256,Adyen,DE,EUR,10350.27,paid,2026-05-19T03:13:08Z,2026-05-19T03:38:08Z,2026-05-20T03:38:08Z,2026-05-21T02:35:09Z
po_10257,Stripe,DE,EUR,27920.82,paid,2026-04-30T15:34:38Z,2026-04-30T15:43:38Z,2026-05-01T15:43:38Z,2026-05-06T01:12:14Z
po_10258,Stripe,DE,EUR,1140.94,paid,2026-04-21T13:43:27Z,2026-04-21T14:19:27Z,2026-04-22T14:19:27Z,2026-04-22T16:46:06Z
po_10259,BankingCircle,DE,EUR,15963.64,paid,2026-05-21T07:08:08Z,2026-05-21T07:47:08Z,2026-05-22T07:47:08Z,2026-05-23T09:19:37Z
po_10260,Stripe,DE,EUR,12678.07,paid,2026-05-21T22:04:12Z,2026-05-21T22:45:12Z,2026-05-22T22:45:12Z,2026-05-24T00:35:34Z
po_10261,Stripe,DE,EUR,5306.37,paid,2026-04-02T10:56:00Z,2026-04-02T11:00:00Z,2026-04-03T11:00:00Z,2026-04-07T10:00:49Z
po_10262,Stripe,NL,EUR,26537.58,paid,2026-03-31T13:33:49Z,2026-03-31T14:14:49Z,2026-04-01T14:14:49Z,2026-04-03T10:52:48Z
po_10263,Stripe,FR,EUR,9128.28,paid,2026-04-16T23:24:49Z,2026-04-17T00:08:49Z,2026-04-18T00:08:49Z,2026-04-20T13:01:24Z
po_10264,Stripe,FR,EUR,23836.54,paid,2026-04-30T08:17:07Z,2026-04-30T08:35:07Z,2026-05-01T08:35:07Z,2026-05-06T06:57:09Z
po_10265,Stripe,DE,EUR,10050.7,paid,2026-05-18T00:11:55Z,2026-05-18T00:15:55Z,2026-05-19T00:15:55Z,2026-05-19T23:08:28Z
po_10266,Adyen,FR,EUR,18213.22,paid,2026-05-11T06:27:42Z,2026-05-11T06:33:42Z,2026-05-12T06:33:42Z,2026-05-13T00:29:53Z
po_10267,Stripe,DE,EUR,21025.79,paid,2026-05-21T14:18:00Z,2026-05-21T14:58:00Z,2026-05-22T14:58:00Z,2026-05-24T07:19:46Z
po_10268,Stripe,FR,EUR,11104.33,paid,2026-04-30T17:46:26Z,2026-04-30T18:19:26Z,2026-05-01T18:19:26Z,2026-05-05T07:08:43Z
po_10269,BankingCircle,NL,EUR,25013.1,paid,2026-05-09T18:16:54Z,2026-05-09T18:31:54Z,2026-05-10T18:31:54Z,2026-05-14T02:10:44Z
po_10270,Adyen,DE,EUR,10634.74,paid,2026-04-07T21:40:15Z,2026-04-07T22:11:15Z,2026-04-08T22:11:15Z,2026-04-10T06:39:52Z
po_10271,Stripe,DE,EUR,2381.77,paid,2026-04-27T07:44:33Z,2026-04-27T08:07:33Z,2026-04-28T08:07:33Z,2026-04-28T15:50:43Z
po_10272,Stripe,FR,EUR,6439.73,paid,2026-03-30T20:10:55Z,2026-03-30T20:24:55Z,2026-03-31T20:24:55Z,2026-04-01T03:21:12Z
po_10273,BankingCircle,DE,EUR,7679.19,paid,2026-05-04T07:31:15Z,2026-05-04T07:49:15Z,2026-05-05T07:49:15Z,2026-05-05T10:05:12Z
po_10274,Stripe,NL,EUR,4948.0,paid,2026-05-12T00:07:44Z,2026-05-12T00:16:44Z,2026-05-13T00:16:44Z,2026-05-13T04:55:04Z
po_10275,BankingCircle,DE,EUR,1874.83,paid,2026-05-29T05:12:19Z,2026-05-29T05:28:19Z,2026-05-30T05:28:19Z,2026-06-01T22:03:58Z
po_10276,Adyen,DE,EUR,27188.4,paid,2026-05-06T06:46:17Z,2026-05-06T07:05:17Z,2026-05-07T07:05:17Z,2026-05-09T10:02:26Z
po_10277,Stripe,DE,EUR,25124.73,paid,2026-03-30T21:56:37Z,2026-03-30T22:17:37Z,2026-03-31T22:17:37Z,2026-04-02T11:00:16Z
po_10278,Stripe,DE,EUR,14448.73,paid,2026-05-07T08:17:02Z,2026-05-07T08:20:02Z,2026-05-08T08:20:02Z,2026-05-09T12:54:51Z
po_10279,Stripe,DE,EUR,1423.18,paid,2026-05-04T00:54:01Z,2026-05-04T01:10:01Z,2026-05-05T01:10:01Z,2026-05-05T00:15:14Z
po_10280,Stripe,NL,EUR,6682.64,paid,2026-04-11T09:14:30Z,2026-04-11T09:29:30Z,2026-04-12T09:29:30Z,2026-04-14T13:10:57Z
po_10281,Adyen,FR,EUR,5156.31,paid,2026-04-07T15:19:41Z,2026-04-07T16:01:41Z,2026-04-08T16:01:41Z,2026-04-09T00:57:57Z
po_10282,Stripe,DE,EUR,578.01,paid,2026-05-31T13:02:34Z,2026-05-31T13:38:34Z,2026-06-01T13:38:34Z,2026-06-02T02:45:22Z
po_10283,Stripe,NL,EUR,23620.85,paid,2026-05-12T04:48:47Z,2026-05-12T04:56:47Z,2026-05-13T04:56:47Z,2026-05-14T18:00:11Z
po_10284,BankingCircle,FR,EUR,7675.39,paid,2026-04-12T09:31:58Z,2026-04-12T10:10:58Z,2026-04-13T10:10:58Z,2026-04-14T07:11:37Z
po_10285,Adyen,DE,EUR,428.51,paid,2026-05-14T19:16:31Z,2026-05-14T19:47:31Z,2026-05-15T19:47:31Z,2026-05-16T16:41:48Z
po_10286,BankingCircle,DE,EUR,25577.47,paid,2026-06-02T09:11:04Z,2026-06-02T09:38:04Z,2026-06-03T09:38:04Z,2026-06-05T09:20:11Z
po_10287,Stripe,DE,EUR,20547.2,paid,2026-05-07T16:16:40Z,2026-05-07T16:51:40Z,2026-05-08T16:51:40Z,2026-05-10T05:18:01Z
po_10288,Stripe,DE,EUR,2753.84,paid,2026-05-24T10:33:31Z,2026-05-24T10:47:31Z,2026-05-25T10:47:31Z,2026-05-27T00:21:44Z
po_10289,Stripe,NL,EUR,25958.83,paid,2026-06-05T01:24:32Z,2026-06-05T01:39:32Z,2026-06-06T01:39:32Z,2026-06-10T02:29:54Z
po_10290,Stripe,FR,EUR,6902.78,paid,2026-05-07T11:05:23Z,2026-05-07T11:14:23Z,2026-05-08T11:14:23Z,2026-05-11T10:21:56Z
po_10291,Stripe,DE,EUR,13176.22,paid,2026-05-21T05:15:02Z,2026-05-21T05:50:02Z,2026-05-22T05:50:02Z,2026-05-23T04:14:32Z
po_10292,BankingCircle,DE,EUR,15302.26,paid,2026-04-16T09:57:27Z,2026-04-16T10:14:27Z,2026-04-17T10:14:27Z,2026-04-18T08:31:02Z
po_10293,Stripe,FR,EUR,23180.58,paid,2026-05-25T23:38:14Z,2026-05-26T00:05:14Z,2026-05-27T00:05:14Z,2026-05-28T19:05:34Z
po_10294,Stripe,FR,EUR,27182.62,paid,2026-03-30T09:05:20Z,2026-03-30T09:31:20Z,2026-03-31T09:31:20Z,2026-04-01T21:46:02Z
po_10295,Stripe,DE,EUR,27479.82,paid,2026-04-25T11:07:16Z,2026-04-25T11:35:16Z,2026-04-26T11:35:16Z,2026-04-29T18:15:17Z
po_10296,BankingCircle,NL,EUR,7205.18,paid,2026-05-05T07:38:54Z,2026-05-05T08:23:54Z,2026-05-06T08:23:54Z,2026-05-07T07:24:40Z
po_10297,Stripe,DE,EUR,14282.26,paid,2026-03-27T08:31:57Z,2026-03-27T08:48:57Z,2026-03-28T08:48:57Z,2026-03-31T07:57:38Z
po_10298,BankingCircle,FR,EUR,17839.96,paid,2026-03-29T05:49:42Z,2026-03-29T05:54:42Z,2026-03-30T05:54:42Z,2026-04-01T08:09:38Z
po_10299,Adyen,FR,EUR,22635.34,paid,2026-03-28T19:22:13Z,2026-03-28T20:04:13Z,2026-03-29T20:04:13Z,2026-04-01T05:43:19Z
po_10300,Stripe,DE,EUR,3431.31,paid,2026-04-28T01:51:30Z,2026-04-28T02:35:30Z,2026-04-29T02:35:30Z,2026-04-28T23:31:04Z
po_10301,BankingCircle,NL,EUR,25269.36,paid,2026-04-02T12:50:19Z,2026-04-02T13:22:19Z,2026-04-03T13:22:19Z,2026-04-05T13:28:42Z
po_10302,Stripe,DE,EUR,24819.78,paid,2026-05-03T19:18:58Z,2026-05-03T19:57:58Z,2026-05-04T19:57:58Z,2026-05-06T16:41:01Z
po_10303,BankingCircle,FR,EUR,17195.69,paid,2026-05-19T16:36:50Z,2026-05-19T16:53:50Z,2026-05-20T16:53:50Z,2026-05-21T18:36:35Z
po_10304,Stripe,FR,EUR,15480.42,paid,2026-05-23T19:55:36Z,2026-05-23T20:28:36Z,2026-05-24T20:28:36Z,2026-05-27T18:12:29Z
po_10305,Stripe,DE,EUR,10913.86,paid,2026-05-21T04:44:27Z,2026-05-21T05:12:27Z,2026-05-22T05:12:27Z,2026-05-22T20:19:06Z
po_10306,Stripe,NL,EUR,15719.29,paid,2026-05-12T01:03:43Z,2026-05-12T01:23:43Z,2026-05-13T01:23:43Z,2026-05-14T00:13:32Z
po_10307,Adyen,DE,EUR,4692.3,paid,2026-03-31T19:39:09Z,2026-03-31T20:20:09Z,2026-04-01T20:20:09Z,2026-04-02T06:22:15Z
po_10308,Stripe,DE,EUR,12485.15,paid,2026-06-04T17:38:11Z,2026-06-04T17:47:11Z,2026-06-05T17:47:11Z,2026-06-06T19:27:45Z
po_10309,BankingCircle,FR,EUR,11844.02,paid,2026-05-29T05:07:06Z,2026-05-29T05:32:06Z,2026-05-30T05:32:06Z,2026-06-02T06:36:04Z
po_10310,Stripe,FR,EUR,23539.36,paid,2026-04-03T13:29:11Z,2026-04-03T14:02:11Z,2026-04-04T14:02:11Z,2026-04-09T01:08:19Z
po_10311,Adyen,FR,EUR,11741.04,paid,2026-04-04T08:50:17Z,2026-04-04T08:53:17Z,2026-04-05T08:53:17Z,2026-04-08T19:41:02Z
po_10312,BankingCircle,DE,EUR,4444.84,paid,2026-04-21T10:50:10Z,2026-04-21T11:32:10Z,2026-04-22T11:32:10Z,2026-04-22T19:58:51Z
po_10313,Stripe,FR,EUR,20328.78,paid,2026-04-22T18:33:01Z,2026-04-22T18:58:01Z,2026-04-23T18:58:01Z,2026-04-25T10:02:33Z
po_10314,Stripe,DE,EUR,22102.06,paid,2026-05-12T20:02:07Z,2026-05-12T20:29:07Z,2026-05-13T20:29:07Z,2026-05-15T09:36:11Z
po_10315,Stripe,DE,EUR,16239.49,paid,2026-05-20T19:11:06Z,2026-05-20T19:28:06Z,2026-05-21T19:28:06Z,2026-05-22T15:27:52Z
po_10316,BankingCircle,DE,EUR,23516.84,failed,2026-04-25T23:12:47Z,2026-04-25T23:28:47Z,2026-04-26T23:28:47Z,
po_10317,Stripe,DE,EUR,25116.2,paid,2026-04-23T10:37:43Z,2026-04-23T11:14:43Z,2026-04-24T11:14:43Z,2026-04-26T06:47:47Z
po_10318,Stripe,NL,EUR,14628.26,paid,2026-05-30T20:41:48Z,2026-05-30T21:11:48Z,2026-05-31T21:11:48Z,2026-06-02T21:48:53Z
po_10319,BankingCircle,DE,EUR,19038.42,paid,2026-05-15T07:55:01Z,2026-05-15T08:12:01Z,2026-05-16T08:12:01Z,2026-05-19T07:18:30Z
po_10320,Adyen,DE,EUR,16201.32,paid,2026-04-12T14:34:15Z,2026-04-12T15:03:15Z,2026-04-13T15:03:15Z,2026-04-15T05:58:16Z
po_10321,Stripe,NL,EUR,14984.85,paid,2026-04-03T06:56:28Z,2026-04-03T07:09:28Z,2026-04-04T07:09:28Z,2026-04-08T06:25:09Z
po_10322,Stripe,DE,EUR,5163.73,failed,2026-05-28T00:25:04Z,2026-05-28T00:46:04Z,2026-05-29T00:46:04Z,
po_10323,BankingCircle,NL,EUR,11958.57,paid,2026-04-09T12:26:15Z,2026-04-09T13:02:15Z,2026-04-10T13:02:15Z,2026-04-11T12:35:52Z
po_10324,Stripe,FR,EUR,5352.75,paid,2026-05-25T12:14:06Z,2026-05-25T12:53:06Z,2026-05-26T12:53:06Z,2026-05-27T13:01:11Z
po_10325,Stripe,FR,EUR,11696.27,paid,2026-03-25T14:28:32Z,2026-03-25T14:50:32Z,2026-03-26T14:50:32Z,2026-03-27T15:44:25Z
po_10326,Stripe,NL,EUR,3028.37,paid,2026-03-26T19:58:49Z,2026-03-26T20:43:49Z,2026-03-27T20:43:49Z,2026-03-27T16:48:39Z
po_10327,Adyen,FR,EUR,24430.53,paid,2026-05-15T22:27:29Z,2026-05-15T23:02:29Z,2026-05-16T23:02:29Z,2026-05-20T11:29:11Z
po_10328,Stripe,DE,EUR,4642.55,paid,2026-05-13T19:11:35Z,2026-05-13T19:20:35Z,2026-05-14T19:20:35Z,2026-05-15T06:22:52Z
po_10329,Stripe,NL,EUR,13250.24,paid,2026-05-06T03:25:13Z,2026-05-06T03:31:13Z,2026-05-07T03:31:13Z,2026-05-08T04:36:48Z
po_10330,Stripe,FR,EUR,6899.88,paid,2026-04-21T01:50:23Z,2026-04-21T02:03:23Z,2026-04-22T02:03:23Z,2026-04-22T01:21:07Z
po_10331,BankingCircle,NL,EUR,2045.72,paid,2026-04-12T22:35:00Z,2026-04-12T23:06:00Z,2026-04-13T23:06:00Z,2026-04-14T15:51:55Z
po_10332,Adyen,DE,EUR,1516.68,paid,2026-03-30T15:11:27Z,2026-03-30T15:53:27Z,2026-03-31T15:53:27Z,2026-03-31T16:48:38Z
po_10333,Adyen,DE,EUR,5106.81,paid,2026-03-25T22:21:41Z,2026-03-25T22:53:41Z,2026-03-26T22:53:41Z,2026-03-27T03:15:24Z
po_10334,Stripe,NL,EUR,26607.0,paid,2026-04-17T22:03:46Z,2026-04-17T22:30:46Z,2026-04-18T22:30:46Z,2026-04-22T05:41:33Z
po_10335,Stripe,DE,EUR,20016.14,paid,2026-03-27T12:15:27Z,2026-03-27T12:33:27Z,2026-03-28T12:33:27Z,2026-03-31T19:44:20Z
po_10336,Stripe,DE,EUR,24739.76,paid,2026-05-02T18:48:34Z,2026-05-02T19:26:34Z,2026-05-03T19:26:34Z,2026-05-06T18:39:29Z
po_10337,Adyen,DE,EUR,26926.03,paid,2026-05-05T07:58:36Z,2026-05-05T08:23:36Z,2026-05-06T08:23:36Z,2026-05-08T02:15:03Z
po_10338,Stripe,FR,EUR,12365.47,paid,2026-04-21T10:25:36Z,2026-04-21T11:10:36Z,2026-04-22T11:10:36Z,2026-04-23T05:36:51Z
po_10339,Stripe,DE,EUR,5737.41,paid,2026-05-17T05:37:49Z,2026-05-17T05:48:49Z,2026-05-18T05:48:49Z,2026-05-19T03:46:55Z
po_10340,Stripe,DE,EUR,6296.39,paid,2026-05-03T16:04:22Z,2026-05-03T16:31:22Z,2026-05-04T16:31:22Z,2026-05-05T10:12:25Z
po_10341,Stripe,FR,EUR,24077.4,paid,2026-05-29T21:34:07Z,2026-05-29T21:45:07Z,2026-05-30T21:45:07Z,2026-06-03T11:47:25Z
po_10342,Stripe,FR,EUR,27722.25,paid,2026-05-16T05:51:02Z,2026-05-16T06:09:02Z,2026-05-17T06:09:02Z,2026-05-20T11:25:38Z
po_10343,Adyen,FR,EUR,2833.7,paid,2026-04-20T14:05:56Z,2026-04-20T14:32:56Z,2026-04-21T14:32:56Z,2026-04-21T16:25:15Z
po_10344,Stripe,DE,EUR,19986.52,paid,2026-05-31T18:40:58Z,2026-05-31T18:54:58Z,2026-06-01T18:54:58Z,2026-06-03T04:36:37Z
po_10345,Stripe,NL,EUR,25613.65,paid,2026-05-12T21:56:10Z,2026-05-12T22:18:10Z,2026-05-13T22:18:10Z,2026-05-15T12:08:51Z
po_10346,Stripe,DE,EUR,22926.21,paid,2026-05-03T01:40:26Z,2026-05-03T02:01:26Z,2026-05-04T02:01:26Z,2026-05-06T08:16:43Z
po_10347,Adyen,FR,EUR,24207.78,paid,2026-04-21T04:20:26Z,2026-04-21T04:34:26Z,2026-04-22T04:34:26Z,2026-04-23T18:11:10Z
po_10348,Stripe,FR,EUR,11728.21,paid,2026-05-28T07:43:45Z,2026-05-28T08:15:45Z,2026-05-29T08:15:45Z,2026-05-30T05:40:13Z
po_10349,Adyen,DE,EUR,5331.9,paid,2026-04-05T12:30:33Z,2026-04-05T12:50:33Z,2026-04-06T12:50:33Z,2026-04-08T16:08:29Z
po_10350,Stripe,DE,EUR,4787.76,paid,2026-04-13T13:34:39Z,2026-04-13T13:56:39Z,2026-04-14T13:56:39Z,2026-04-14T15:29:12Z
po_10351,Adyen,FR,EUR,26381.14,failed,2026-05-19T03:29:47Z,2026-05-19T03:46:47Z,2026-05-20T03:46:47Z,
po_10352,Stripe,DE,EUR,19255.88,paid,2026-04-28T05:19:12Z,2026-04-28T05:22:12Z,2026-04-29T05:22:12Z,2026-04-30T00:33:30Z
po_10353,BankingCircle,FR,EUR,24540.61,paid,2026-05-21T03:26:12Z,2026-05-21T04:07:12Z,2026-05-22T04:07:12Z,2026-05-24T05:47:27Z
po_10354,Stripe,FR,EUR,9123.87,paid,2026-04-27T21:27:13Z,2026-04-27T21:35:13Z,2026-04-28T21:35:13Z,2026-04-29T02:18:04Z
po_10355,Adyen,NL,EUR,6416.18,paid,2026-05-15T12:45:19Z,2026-05-15T12:53:19Z,2026-05-16T12:53:19Z,2026-05-18T18:20:08Z
po_10356,Stripe,DE,EUR,14235.17,paid,2026-05-31T04:07:18Z,2026-05-31T04:50:18Z,2026-06-01T04:50:18Z,2026-06-02T20:31:45Z
po_10357,Adyen,DE,EUR,23749.83,paid,2026-04-06T17:26:00Z,2026-04-06T18:00:00Z,2026-04-07T18:00:00Z,2026-04-10T04:22:54Z
po_10358,Stripe,NL,EUR,15435.38,paid,2026-05-26T05:31:18Z,2026-05-26T05:49:18Z,2026-05-27T05:49:18Z,2026-05-28T02:35:48Z
po_10359,Stripe,DE,EUR,11702.37,paid,2026-04-13T21:19:17Z,2026-04-13T22:02:17Z,2026-04-14T22:02:17Z,2026-04-15T15:13:14Z
po_10360,Adyen,FR,EUR,6889.07,paid,2026-04-17T19:13:43Z,2026-04-17T19:16:43Z,2026-04-18T19:16:43Z,2026-04-20T16:47:59Z
po_10361,Stripe,NL,EUR,8592.61,paid,2026-06-02T01:05:46Z,2026-06-02T01:17:46Z,2026-06-03T01:17:46Z,2026-06-03T04:31:55Z
po_10362,Stripe,FR,EUR,12062.4,paid,2026-04-10T18:17:26Z,2026-04-10T19:02:26Z,2026-04-11T19:02:26Z,2026-04-14T08:12:45Z
po_10363,Stripe,NL,EUR,6015.21,paid,2026-05-31T08:07:14Z,2026-05-31T08:28:14Z,2026-06-01T08:28:14Z,2026-06-01T15:02:45Z
po_10364,Stripe,NL,EUR,3363.49,paid,2026-04-24T07:49:40Z,2026-04-24T08:20:40Z,2026-04-25T08:20:40Z,2026-04-28T18:11:01Z
po_10365,Adyen,DE,EUR,8319.31,paid,2026-05-18T11:08:34Z,2026-05-18T11:15:34Z,2026-05-19T11:15:34Z,2026-05-19T11:35:09Z
po_10366,Stripe,NL,EUR,20999.95,paid,2026-04-26T12:58:31Z,2026-04-26T13:37:31Z,2026-04-27T13:37:31Z,2026-04-30T20:40:10Z
po_10367,Adyen,FR,EUR,9214.22,paid,2026-04-29T05:13:09Z,2026-04-29T05:21:09Z,2026-04-30T05:21:09Z,2026-04-30T13:58:50Z
po_10368,Adyen,NL,EUR,7264.11,paid,2026-04-18T05:11:40Z,2026-04-18T05:19:40Z,2026-04-19T05:19:40Z,2026-04-21T02:39:02Z
po_10369,Stripe,NL,EUR,5444.85,paid,2026-05-26T06:52:58Z,2026-05-26T07:28:58Z,2026-05-27T07:28:58Z,2026-05-27T18:37:06Z
po_10370,Adyen,DE,EUR,23301.91,paid,2026-06-05T09:44:18Z,2026-06-05T10:26:18Z,2026-06-06T10:26:18Z,2026-06-10T00:42:42Z
po_10371,Stripe,NL,EUR,10508.16,paid,2026-05-17T20:14:08Z,2026-05-17T20:40:08Z,2026-05-18T20:40:08Z,2026-05-20T05:41:24Z
po_10372,BankingCircle,DE,EUR,25813.85,paid,2026-06-01T20:06:23Z,2026-06-01T20:34:23Z,2026-06-02T20:34:23Z,2026-06-05T00:32:59Z
po_10373,Stripe,FR,EUR,4662.26,paid,2026-04-23T10:03:13Z,2026-04-23T10:44:13Z,2026-04-24T10:44:13Z,2026-04-24T12:46:19Z
po_10374,Stripe,FR,EUR,12576.32,paid,2026-05-03T07:17:46Z,2026-05-03T07:25:46Z,2026-05-04T07:25:46Z,2026-05-06T03:23:07Z
po_10375,Stripe,DE,EUR,1186.99,paid,2026-05-23T15:07:41Z,2026-05-23T15:42:41Z,2026-05-24T15:42:41Z,2026-05-27T04:31:39Z
po_10376,Stripe,FR,EUR,9681.12,paid,2026-05-06T22:13:47Z,2026-05-06T22:16:47Z,2026-05-07T22:16:47Z,2026-05-08T06:33:19Z
po_10377,Stripe,NL,EUR,8492.01,paid,2026-05-07T08:37:38Z,2026-05-07T09:16:38Z,2026-05-08T09:16:38Z,2026-05-08T15:51:10Z
po_10378,Stripe,FR,EUR,14614.8,paid,2026-05-05T22:11:10Z,2026-05-05T22:48:10Z,2026-05-06T22:48:10Z,2026-05-08T04:15:54Z
po_10379,BankingCircle,NL,EUR,17470.38,paid,2026-03-31T03:49:47Z,2026-03-31T04:13:47Z,2026-04-01T04:13:47Z,2026-04-02T06:07:07Z
po_10380,BankingCircle,FR,EUR,13616.28,paid,2026-05-27T04:27:10Z,2026-05-27T04:38:10Z,2026-05-28T04:38:10Z,2026-05-29T03:07:54Z
po_10381,Stripe,NL,EUR,5531.0,paid,2026-05-30T05:26:51Z,2026-05-30T05:57:51Z,2026-05-31T05:57:51Z,2026-06-02T05:46:24Z
po_10382,BankingCircle,FR,EUR,10272.03,paid,2026-04-17T15:47:45Z,2026-04-17T16:26:45Z,2026-04-18T16:26:45Z,2026-04-21T10:37:26Z
po_10383,BankingCircle,DE,EUR,5918.12,paid,2026-04-05T05:36:44Z,2026-04-05T05:53:44Z,2026-04-06T05:53:44Z,2026-04-08T06:45:36Z
po_10384,Stripe,FR,EUR,13852.98,paid,2026-05-18T02:57:47Z,2026-05-18T03:29:47Z,2026-05-19T03:29:47Z,2026-05-19T22:43:26Z
po_10385,Stripe,DE,EUR,16600.23,paid,2026-04-02T02:56:46Z,2026-04-02T03:25:46Z,2026-04-03T03:25:46Z,2026-04-08T13:15:22Z
po_10386,Stripe,DE,EUR,14350.41,paid,2026-04-05T11:04:06Z,2026-04-05T11:47:06Z,2026-04-06T11:47:06Z,2026-04-09T01:39:51Z
po_10387,Stripe,NL,EUR,5043.77,paid,2026-04-12T22:33:58Z,2026-04-12T23:12:58Z,2026-04-13T23:12:58Z,2026-04-14T12:32:58Z
po_10388,Stripe,FR,EUR,1608.05,paid,2026-03-29T09:15:25Z,2026-03-29T09:18:25Z,2026-03-30T09:18:25Z,2026-03-31T08:26:09Z
po_10389,Stripe,DE,EUR,25466.42,paid,2026-04-02T20:22:05Z,2026-04-02T21:04:05Z,2026-04-03T21:04:05Z,2026-04-09T06:46:28Z
po_10390,Adyen,DE,EUR,10124.12,paid,2026-04-29T23:07:51Z,2026-04-29T23:31:51Z,2026-04-30T23:31:51Z,2026-05-02T04:49:57Z
po_10391,Stripe,DE,EUR,6928.61,paid,2026-05-14T03:47:53Z,2026-05-14T04:23:53Z,2026-05-15T04:23:53Z,2026-05-15T23:50:56Z
po_10392,Stripe,FR,EUR,15502.67,paid,2026-05-22T21:12:47Z,2026-05-22T21:22:47Z,2026-05-23T21:22:47Z,2026-05-27T06:16:52Z
po_10393,Stripe,DE,EUR,19521.8,paid,2026-03-27T09:35:36Z,2026-03-27T10:15:36Z,2026-03-28T10:15:36Z,2026-03-31T10:19:00Z
po_10394,Stripe,FR,EUR,7458.29,paid,2026-04-08T22:05:44Z,2026-04-08T22:43:44Z,2026-04-09T22:43:44Z,2026-04-10T10:31:05Z
po_10395,BankingCircle,FR,EUR,16596.34,paid,2026-04-18T15:09:19Z,2026-04-18T15:46:19Z,2026-04-19T15:46:19Z,2026-04-22T08:01:18Z
po_10396,Stripe,DE,EUR,27847.23,paid,2026-05-11T15:11:20Z,2026-05-11T15:46:20Z,2026-05-12T15:46:20Z,2026-05-14T04:18:04Z
po_10397,Stripe,NL,EUR,17485.66,paid,2026-05-26T22:13:42Z,2026-05-26T22:54:42Z,2026-05-27T22:54:42Z,2026-05-28T19:27:09Z
po_10398,BankingCircle,DE,EUR,11197.63,paid,2026-05-23T15:22:24Z,2026-05-23T15:58:24Z,2026-05-24T15:58:24Z,2026-05-27T17:18:40Z
po_10399,Adyen,NL,EUR,1509.27,paid,2026-04-10T19:29:40Z,2026-04-10T19:55:40Z,2026-04-11T19:55:40Z,2026-04-13T18:32:47Z
po_10400,BankingCircle,FR,EUR,9007.77,paid,2026-04-26T21:47:01Z,2026-04-26T22:27:01Z,2026-04-27T22:27:01Z,2026-04-28T15:19:21Z
po_10401,Adyen,NL,EUR,17775.22,paid,2026-06-03T21:56:48Z,2026-06-03T22:41:48Z,2026-06-04T22:41:48Z,2026-06-05T17:36:41Z
po_10402,BankingCircle,DE,EUR,10184.29,paid,2026-05-20T00:24:51Z,2026-05-20T01:00:51Z,2026-05-21T01:00:51Z,2026-05-22T01:30:02Z
po_10403,BankingCircle,FR,EUR,25303.12,paid,2026-04-03T13:57:11Z,2026-04-03T14:12:11Z,2026-04-04T14:12:11Z,2026-04-09T11:13:23Z
po_10404,Stripe,FR,EUR,8099.86,paid,2026-04-17T10:40:05Z,2026-04-17T10:52:05Z,2026-04-18T10:52:05Z,2026-04-20T15:48:14Z
po_10405,Adyen,FR,EUR,14396.73,paid,2026-05-26T00:08:43Z,2026-05-26T00:26:43Z,2026-05-27T00:26:43Z,2026-05-27T23:00:20Z
po_10406,Stripe,DE,EUR,9640.89,paid,2026-04-25T17:06:37Z,2026-04-25T17:39:37Z,2026-04-26T17:39:37Z,2026-04-28T11:30:53Z
po_10407,Stripe,NL,EUR,5988.53,paid,2026-05-29T12:27:58Z,2026-05-29T12:59:58Z,2026-05-30T12:59:58Z,2026-06-01T13:07:56Z
po_10408,BankingCircle,FR,EUR,16554.16,paid,2026-04-08T07:06:46Z,2026-04-08T07:28:46Z,2026-04-09T07:28:46Z,2026-04-10T10:22:57Z
po_10409,Adyen,FR,EUR,27053.15,paid,2026-04-01T11:16:07Z,2026-04-01T11:31:07Z,2026-04-02T11:31:07Z,2026-04-04T03:34:44Z
po_10410,Adyen,DE,EUR,27652.7,paid,2026-04-28T23:48:57Z,2026-04-29T00:18:57Z,2026-04-30T00:18:57Z,2026-05-01T23:55:26Z
po_10411,Stripe,NL,EUR,5153.95,paid,2026-04-19T08:06:35Z,2026-04-19T08:43:35Z,2026-04-20T08:43:35Z,2026-04-20T15:52:18Z
po_10412,Stripe,FR,EUR,11368.19,paid,2026-04-13T18:50:38Z,2026-04-13T19:31:38Z,2026-04-14T19:31:38Z,2026-04-15T14:55:56Z
po_10413,Stripe,DE,EUR,1873.37,paid,2026-04-06T20:37:30Z,2026-04-06T21:18:30Z,2026-04-07T21:18:30Z,2026-04-08T10:42:07Z
po_10414,Adyen,FR,EUR,439.89,paid,2026-04-20T14:37:11Z,2026-04-20T15:14:11Z,2026-04-21T15:14:11Z,2026-04-21T19:33:04Z
po_10415,Stripe,DE,EUR,9206.88,paid,2026-03-27T23:06:42Z,2026-03-27T23:50:42Z,2026-03-28T23:50:42Z,2026-03-30T15:36:15Z
po_10416,Stripe,NL,EUR,24213.55,paid,2026-03-29T17:56:21Z,2026-03-29T18:04:21Z,2026-03-30T18:04:21Z,2026-04-02T00:21:43Z
po_10417,Stripe,FR,EUR,13135.57,paid,2026-03-26T15:41:25Z,2026-03-26T15:45:25Z,2026-03-27T15:45:25Z,2026-03-28T19:18:33Z
po_10418,Stripe,NL,EUR,17306.9,failed,2026-06-03T15:21:23Z,2026-06-03T15:45:23Z,2026-06-04T15:45:23Z,
po_10419,Stripe,DE,EUR,23584.81,paid,2026-04-29T01:50:19Z,2026-04-29T02:16:19Z,2026-04-30T02:16:19Z,2026-05-01T17:37:16Z
po_10420,Adyen,FR,EUR,18508.85,paid,2026-05-22T17:45:27Z,2026-05-22T18:24:27Z,2026-05-23T18:24:27Z,2026-05-27T10:39:27Z
po_10421,Adyen,DE,EUR,21443.65,paid,2026-05-27T04:19:59Z,2026-05-27T04:41:59Z,2026-05-28T04:41:59Z,2026-05-30T00:51:57Z
po_10422,Adyen,FR,EUR,10309.53,paid,2026-05-15T18:08:13Z,2026-05-15T18:28:13Z,2026-05-16T18:28:13Z,2026-05-19T03:08:44Z
po_10423,Adyen,FR,EUR,21744.34,paid,2026-04-29T12:41:00Z,2026-04-29T12:53:00Z,2026-04-30T12:53:00Z,2026-05-02T10:51:17Z
po_10424,Stripe,FR,EUR,1074.25,paid,2026-04-07T08:34:33Z,2026-04-07T08:44:33Z,2026-04-08T08:44:33Z,2026-04-08T07:28:38Z
po_10425,Stripe,FR,EUR,26331.0,paid,2026-04-29T19:55:53Z,2026-04-29T20:07:53Z,2026-04-30T20:07:53Z,2026-05-02T19:33:41Z
po_10426,Adyen,NL,EUR,14939.39,paid,2026-04-28T09:29:19Z,2026-04-28T09:47:19Z,2026-04-29T09:47:19Z,2026-04-30T11:36:22Z
po_10427,BankingCircle,DE,EUR,25258.53,paid,2026-05-02T02:30:02Z,2026-05-02T03:02:02Z,2026-05-03T03:02:02Z,2026-05-06T13:53:29Z
po_10428,Stripe,FR,EUR,22647.02,paid,2026-05-03T08:23:13Z,2026-05-03T08:48:13Z,2026-05-04T08:48:13Z,2026-05-06T08:53:31Z
po_10429,BankingCircle,NL,EUR,17671.3,paid,2026-04-16T02:09:02Z,2026-04-16T02:13:02Z,2026-04-17T02:13:02Z,2026-04-17T23:34:35Z
po_10430,Stripe,DE,EUR,5928.79,paid,2026-05-05T15:44:33Z,2026-05-05T16:28:33Z,2026-05-06T16:28:33Z,2026-05-06T20:28:33Z
po_10431,BankingCircle,FR,EUR,22205.98,paid,2026-05-10T16:21:19Z,2026-05-10T16:41:19Z,2026-05-11T16:41:19Z,2026-05-14T03:11:47Z
po_10432,Stripe,DE,EUR,24457.19,paid,2026-04-18T13:55:11Z,2026-04-18T14:08:11Z,2026-04-19T14:08:11Z,2026-04-22T21:05:27Z
po_10433,Stripe,DE,EUR,21966.21,paid,2026-06-04T17:51:22Z,2026-06-04T18:17:22Z,2026-06-05T18:17:22Z,2026-06-07T06:45:40Z
po_10434,Stripe,DE,EUR,4172.43,paid,2026-04-23T05:27:52Z,2026-04-23T05:31:52Z,2026-04-24T05:31:52Z,2026-04-24T10:45:17Z
po_10435,Stripe,NL,EUR,8685.03,paid,2026-05-13T03:12:42Z,2026-05-13T03:37:42Z,2026-05-14T03:37:42Z,2026-05-15T07:51:06Z
po_10436,Stripe,FR,EUR,9705.25,failed,2026-05-28T22:22:49Z,2026-05-28T22:50:49Z,2026-05-29T22:50:49Z,
po_10437,Stripe,DE,EUR,22241.48,paid,2026-05-31T06:33:14Z,2026-05-31T06:36:14Z,2026-06-01T06:36:14Z,2026-06-03T03:52:17Z
po_10438,Stripe,DE,EUR,852.2,paid,2026-04-25T01:28:33Z,2026-04-25T01:35:33Z,2026-04-26T01:35:33Z,2026-04-28T06:44:03Z
po_10439,Stripe,DE,EUR,5257.78,paid,2026-05-30T21:04:32Z,2026-05-30T21:41:32Z,2026-05-31T21:41:32Z,2026-06-02T02:27:05Z
po_10440,Stripe,DE,EUR,14046.58,paid,2026-04-01T20:11:10Z,2026-04-01T20:36:10Z,2026-04-02T20:36:10Z,2026-04-04T02:43:15Z
po_10441,Stripe,NL,EUR,2305.15,paid,2026-06-01T15:27:59Z,2026-06-01T15:41:59Z,2026-06-02T15:41:59Z,2026-06-02T12:15:54Z
po_10442,Stripe,NL,EUR,1625.63,paid,2026-05-18T09:01:05Z,2026-05-18T09:27:05Z,2026-05-19T09:27:05Z,2026-05-19T09:26:16Z
po_10443,Stripe,DE,EUR,8115.18,paid,2026-04-26T10:42:35Z,2026-04-26T11:11:35Z,2026-04-27T11:11:35Z,2026-04-28T16:12:46Z
po_10444,Stripe,DE,EUR,11910.43,paid,2026-04-09T00:24:22Z,2026-04-09T00:51:22Z,2026-04-10T00:51:22Z,2026-04-11T04:39:33Z
po_10445,BankingCircle,NL,EUR,17888.94,failed,2026-04-17T13:07:24Z,2026-04-17T13:48:24Z,2026-04-18T13:48:24Z,
po_10446,Adyen,FR,EUR,27751.04,paid,2026-04-13T14:21:13Z,2026-04-13T15:06:13Z,2026-04-14T15:06:13Z,2026-04-16T06:53:56Z
po_10447,BankingCircle,FR,EUR,1671.43,paid,2026-05-31T17:34:42Z,2026-05-31T18:12:42Z,2026-06-01T18:12:42Z,2026-06-02T15:42:54Z
po_10448,BankingCircle,DE,EUR,325.82,paid,2026-05-27T04:23:01Z,2026-05-27T04:56:01Z,2026-05-28T04:56:01Z,2026-05-28T13:42:04Z
po_10449,Stripe,NL,EUR,17737.53,paid,2026-06-05T12:01:40Z,2026-06-05T12:28:40Z,2026-06-06T12:28:40Z,2026-06-09T04:12:40Z
po_10450,Stripe,NL,EUR,18570.95,paid,2026-04-25T14:37:58Z,2026-04-25T14:44:58Z,2026-04-26T14:44:58Z,2026-04-29T21:31:38Z
po_10451,Stripe,FR,EUR,25472.29,paid,2026-05-10T06:48:51Z,2026-05-10T07:13:51Z,2026-05-11T07:13:51Z,2026-05-13T09:59:10Z
po_10452,BankingCircle,DE,EUR,14946.37,paid,2026-05-15T04:50:57Z,2026-05-15T05:06:57Z,2026-05-16T05:06:57Z,2026-05-19T15:31:23Z
po_10453,Stripe,DE,EUR,23066.21,failed,2026-05-09T00:34:25Z,2026-05-09T00:48:25Z,2026-05-10T00:48:25Z,
po_10454,Stripe,NL,EUR,10860.96,paid,2026-05-05T21:27:20Z,2026-05-05T21:37:20Z,2026-05-06T21:37:20Z,2026-05-08T08:27:45Z
po_10455,Adyen,DE,EUR,14775.63,paid,2026-04-23T16:38:40Z,2026-04-23T17:09:40Z,2026-04-24T17:09:40Z,2026-04-25T17:31:59Z
po_10456,Stripe,DE,EUR,3396.82,paid,2026-05-25T22:48:27Z,2026-05-25T23:21:27Z,2026-05-26T23:21:27Z,2026-05-27T18:03:19Z
po_10457,Stripe,DE,EUR,13839.1,paid,2026-05-28T10:31:41Z,2026-05-28T10:49:41Z,2026-05-29T10:49:41Z,2026-05-30T10:27:52Z
po_10458,Stripe,NL,EUR,15706.75,paid,2026-03-25T09:52:57Z,2026-03-25T10:31:57Z,2026-03-26T10:31:57Z,2026-03-27T06:16:57Z
po_10459,Stripe,DE,EUR,25698.82,paid,2026-04-19T03:38:26Z,2026-04-19T03:56:26Z,2026-04-20T03:56:26Z,2026-04-22T06:59:38Z
po_10460,Stripe,FR,EUR,3853.92,paid,2026-04-22T12:48:14Z,2026-04-22T13:30:14Z,2026-04-23T13:30:14Z,2026-04-23T23:49:12Z
po_10461,Stripe,FR,EUR,1456.54,paid,2026-04-22T23:58:28Z,2026-04-23T00:27:28Z,2026-04-24T00:27:28Z,2026-04-24T04:22:53Z
po_10462,Stripe,DE,EUR,23836.63,paid,2026-04-06T21:41:45Z,2026-04-06T22:23:45Z,2026-04-07T22:23:45Z,2026-04-10T06:32:15Z
po_10463,Adyen,DE,EUR,9425.78,paid,2026-04-01T04:55:44Z,2026-04-01T05:03:44Z,2026-04-02T05:03:44Z,2026-04-02T13:17:25Z
po_10464,Stripe,FR,EUR,25266.38,paid,2026-03-27T19:37:38Z,2026-03-27T19:46:38Z,2026-03-28T19:46:38Z,2026-04-01T03:51:03Z
po_10465,BankingCircle,FR,EUR,11792.53,paid,2026-05-10T07:34:25Z,2026-05-10T07:48:25Z,2026-05-11T07:48:25Z,2026-05-13T03:57:54Z
po_10466,BankingCircle,FR,EUR,18869.54,paid,2026-06-05T05:22:09Z,2026-06-05T05:37:09Z,2026-06-06T05:37:09Z,2026-06-09T08:36:15Z
po_10467,Adyen,FR,EUR,21607.63,paid,2026-05-08T23:37:54Z,2026-05-08T23:47:54Z,2026-05-09T23:47:54Z,2026-05-13T17:22:05Z
po_10468,Stripe,DE,EUR,23793.86,paid,2026-04-15T06:28:07Z,2026-04-15T07:07:07Z,2026-04-16T07:07:07Z,2026-04-18T00:50:16Z
po_10469,Stripe,DE,EUR,24205.03,paid,2026-05-17T18:28:19Z,2026-05-17T18:57:19Z,2026-05-18T18:57:19Z,2026-05-21T01:26:37Z
po_10470,Adyen,DE,EUR,9177.53,paid,2026-04-12T19:18:56Z,2026-04-12T19:54:56Z,2026-04-13T19:54:56Z,2026-04-14T19:58:19Z
po_10471,Stripe,FR,EUR,10929.16,paid,2026-05-28T19:07:35Z,2026-05-28T19:29:35Z,2026-05-29T19:29:35Z,2026-05-30T18:14:17Z
po_10472,Stripe,DE,EUR,8734.36,paid,2026-05-01T05:59:30Z,2026-05-01T06:29:30Z,2026-05-02T06:29:30Z,2026-05-05T04:00:12Z
po_10473,Stripe,DE,EUR,10654.46,paid,2026-05-09T09:43:17Z,2026-05-09T10:28:17Z,2026-05-10T10:28:17Z,2026-05-12T21:50:34Z
po_10474,Stripe,NL,EUR,25766.79,paid,2026-05-18T07:52:14Z,2026-05-18T08:37:14Z,2026-05-19T08:37:14Z,2026-05-20T17:56:03Z
po_10475,Stripe,FR,EUR,15948.58,paid,2026-04-25T17:56:07Z,2026-04-25T18:01:07Z,2026-04-26T18:01:07Z,2026-04-28T19:51:13Z
po_10476,BankingCircle,FR,EUR,16700.95,paid,2026-05-08T11:20:01Z,2026-05-08T11:48:01Z,2026-05-09T11:48:01Z,2026-05-13T12:22:09Z
po_10477,Stripe,DE,EUR,18007.88,paid,2026-03-30T02:05:31Z,2026-03-30T02:16:31Z,2026-03-31T02:16:31Z,2026-04-01T01:37:49Z
po_10478,Stripe,FR,EUR,25850.44,paid,2026-05-18T19:21:47Z,2026-05-18T19:34:47Z,2026-05-19T19:34:47Z,2026-05-21T12:46:31Z
po_10479,Stripe,FR,EUR,6145.43,paid,2026-04-09T18:23:32Z,2026-04-09T18:35:32Z,2026-04-10T18:35:32Z,2026-04-11T03:25:47Z
po_10480,Stripe,FR,EUR,5885.08,paid,2026-04-03T05:17:05Z,2026-04-03T05:23:05Z,2026-04-04T05:23:05Z,2026-04-07T15:05:18Z
po_10481,BankingCircle,DE,EUR,19299.78,paid,2026-04-09T08:47:45Z,2026-04-09T08:53:45Z,2026-04-10T08:53:45Z,2026-04-11T13:24:57Z
po_10482,Stripe,DE,EUR,21301.27,paid,2026-05-20T20:17:20Z,2026-05-20T20:40:20Z,2026-05-21T20:40:20Z,2026-05-23T16:41:27Z
po_10483,Stripe,DE,EUR,15499.84,paid,2026-04-15T04:00:29Z,2026-04-15T04:12:29Z,2026-04-16T04:12:29Z,2026-04-17T08:42:44Z
po_10484,BankingCircle,DE,EUR,9374.95,paid,2026-04-09T11:28:07Z,2026-04-09T12:12:07Z,2026-04-10T12:12:07Z,2026-04-10T18:46:42Z
po_10485,Stripe,FR,EUR,4425.13,paid,2026-04-12T04:38:00Z,2026-04-12T05:08:00Z,2026-04-13T05:08:00Z,2026-04-13T14:54:24Z
po_10486,Adyen,DE,EUR,6130.15,paid,2026-05-28T00:52:59Z,2026-05-28T01:28:59Z,2026-05-29T01:28:59Z,2026-05-29T06:20:03Z
po_10487,Adyen,DE,EUR,14054.45,paid,2026-04-03T08:41:09Z,2026-04-03T08:56:09Z,2026-04-04T08:56:09Z,2026-04-09T04:32:17Z
po_10488,Stripe,FR,EUR,4169.91,paid,2026-04-20T15:52:53Z,2026-04-20T16:09:53Z,2026-04-21T16:09:53Z,2026-04-21T19:42:33Z
po_10489,Stripe,FR,EUR,336.36,paid,2026-04-13T04:55:34Z,2026-04-13T05:07:34Z,2026-04-14T05:07:34Z,2026-04-14T07:51:17Z
po_10490,Stripe,DE,EUR,7152.88,paid,2026-06-05T09:48:21Z,2026-06-05T10:14:21Z,2026-06-06T10:14:21Z,2026-06-08T13:09:37Z
po_10491,Stripe,DE,EUR,15789.15,paid,2026-04-03T14:55:26Z,2026-04-03T15:33:26Z,2026-04-04T15:33:26Z,2026-04-08T14:42:15Z
po_10492,Stripe,DE,EUR,16344.91,paid,2026-05-04T10:22:53Z,2026-05-04T11:06:53Z,2026-05-05T11:06:53Z,2026-05-06T10:52:48Z
po_10493,Stripe,NL,EUR,20455.18,paid,2026-06-04T14:54:22Z,2026-06-04T15:07:22Z,2026-06-05T15:07:22Z,2026-06-07T06:34:30Z
po_10494,Stripe,DE,EUR,18159.94,paid,2026-05-10T23:03:24Z,2026-05-10T23:25:24Z,2026-05-11T23:25:24Z,2026-05-13T08:55:06Z
po_10495,Stripe,DE,EUR,15146.83,paid,2026-04-05T17:59:14Z,2026-04-05T18:22:14Z,2026-04-06T18:22:14Z,2026-04-08T20:41:15Z
po_10496,Stripe,FR,EUR,5776.65,paid,2026-05-03T12:43:56Z,2026-05-03T13:21:56Z,2026-05-04T13:21:56Z,2026-05-04T22:04:31Z
po_10497,Stripe,NL,EUR,24969.87,paid,2026-03-26T19:12:43Z,2026-03-26T19:21:43Z,2026-03-27T19:21:43Z,2026-03-29T16:36:01Z
po_10498,Adyen,FR,EUR,19384.16,paid,2026-04-16T14:13:08Z,2026-04-16T14:21:08Z,2026-04-17T14:21:08Z,2026-04-18T14:55:41Z
po_10499,Stripe,DE,EUR,11193.51,paid,2026-05-14T15:17:54Z,2026-05-14T15:27:54Z,2026-05-15T15:27:54Z,2026-05-16T22:42:50Z
po_10500,Stripe,FR,EUR,16789.64,paid,2026-05-14T03:14:54Z,2026-05-14T03:20:54Z,2026-05-15T03:20:54Z,2026-05-16T14:15:49Z
po_10501,Stripe,DE,EUR,21708.1,paid,2026-04-11T07:04:50Z,2026-04-11T07:26:50Z,2026-04-12T07:26:50Z,2026-04-15T16:49:12Z
po_10502,Stripe,NL,EUR,26346.54,paid,2026-05-04T07:57:33Z,2026-05-04T08:26:33Z,2026-05-05T08:26:33Z,2026-05-07T23:24:25Z
po_10503,Stripe,DE,EUR,4929.65,paid,2026-04-27T18:19:19Z,2026-04-27T18:30:19Z,2026-04-28T18:30:19Z,2026-04-28T21:55:27Z
po_10504,Adyen,FR,EUR,2152.8,paid,2026-03-25T14:38:05Z,2026-03-25T15:11:05Z,2026-03-26T15:11:05Z,2026-03-26T15:48:58Z
po_10505,Stripe,DE,EUR,17016.97,paid,2026-03-31T09:57:55Z,2026-03-31T10:12:55Z,2026-04-01T10:12:55Z,2026-04-02T09:28:01Z
po_10506,Stripe,DE,EUR,18331.2,failed,2026-04-28T05:41:37Z,2026-04-28T06:21:37Z,2026-04-29T06:21:37Z,
po_10507,Adyen,FR,EUR,4037.88,paid,2026-05-31T16:23:15Z,2026-05-31T16:45:15Z,2026-06-01T16:45:15Z,2026-06-02T23:18:56Z
po_10508,Adyen,NL,EUR,12358.39,paid,2026-05-26T10:45:14Z,2026-05-26T11:20:14Z,2026-05-27T11:20:14Z,2026-05-28T12:09:05Z
po_10509,BankingCircle,FR,EUR,3508.72,paid,2026-04-18T19:12:46Z,2026-04-18T19:29:46Z,2026-04-19T19:29:46Z,2026-04-21T07:14:02Z
po_10510,Adyen,NL,EUR,26151.12,paid,2026-06-02T07:20:39Z,2026-06-02T07:26:39Z,2026-06-03T07:26:39Z,2026-06-05T02:08:06Z
po_10511,Adyen,FR,EUR,26385.31,paid,2026-05-01T03:10:42Z,2026-05-01T03:38:42Z,2026-05-02T03:38:42Z,2026-05-07T00:32:20Z
po_10512,Adyen,FR,EUR,25344.51,paid,2026-05-05T18:01:50Z,2026-05-05T18:23:50Z,2026-05-06T18:23:50Z,2026-05-08T06:22:28Z
po_10513,Stripe,DE,EUR,22803.21,paid,2026-05-04T23:32:31Z,2026-05-05T00:01:31Z,2026-05-06T00:01:31Z,2026-05-07T16:59:05Z
po_10514,Stripe,DE,EUR,10097.88,paid,2026-05-09T13:42:58Z,2026-05-09T14:24:58Z,2026-05-10T14:24:58Z,2026-05-12T22:09:04Z
po_10515,BankingCircle,DE,EUR,11586.21,paid,2026-05-16T14:02:39Z,2026-05-16T14:20:39Z,2026-05-17T14:20:39Z,2026-05-19T18:13:38Z
po_10516,Stripe,NL,EUR,7820.01,paid,2026-04-08T23:37:55Z,2026-04-09T00:03:55Z,2026-04-10T00:03:55Z,2026-04-09T23:02:06Z
po_10517,BankingCircle,NL,EUR,26905.91,paid,2026-04-24T07:00:58Z,2026-04-24T07:34:58Z,2026-04-25T07:34:58Z,2026-04-30T07:27:19Z
po_10518,Adyen,FR,EUR,24031.82,paid,2026-04-10T01:59:08Z,2026-04-10T02:27:08Z,2026-04-11T02:27:08Z,2026-04-15T01:49:43Z
po_10519,BankingCircle,DE,EUR,12891.61,paid,2026-05-28T03:16:14Z,2026-05-28T03:35:14Z,2026-05-29T03:35:14Z,2026-05-30T09:39:35Z
